-- phpMyAdmin SQL Dump
-- version 5.2.1
-- https://www.phpmyadmin.net/
--
-- Host: 127.0.0.1:3306
-- Generation Time: May 10, 2025 at 10:48 AM
-- Server version: 8.3.0
-- PHP Version: 8.2.18

SET SQL_MODE = "NO_AUTO_VALUE_ON_ZERO";
START TRANSACTION;
SET time_zone = "+00:00";


/*!40101 SET @OLD_CHARACTER_SET_CLIENT=@@CHARACTER_SET_CLIENT */;
/*!40101 SET @OLD_CHARACTER_SET_RESULTS=@@CHARACTER_SET_RESULTS */;
/*!40101 SET @OLD_COLLATION_CONNECTION=@@COLLATION_CONNECTION */;
/*!40101 SET NAMES utf8mb4 */;

--
-- Database: `elections`
--

-- --------------------------------------------------------

--
-- Table structure for table `departement`
--

DROP TABLE IF EXISTS `departement`;
CREATE TABLE IF NOT EXISTS `departement` (
  `id` int NOT NULL AUTO_INCREMENT,
  `code` varchar(3) NOT NULL,
  `nom` varchar(191) NOT NULL,
  PRIMARY KEY (`id`),
  UNIQUE KEY `code` (`code`),
  UNIQUE KEY `nom` (`nom`)
) ENGINE=MyISAM AUTO_INCREMENT=104 DEFAULT CHARSET=utf8mb4 COLLATE=utf8mb4_0900_ai_ci;

--
-- Dumping data for table `departement`
--

INSERT INTO `departement` (`id`, `code`, `nom`) VALUES
(1, '1', 'AIN'),
(2, '2', 'AISNE'),
(3, '3', 'ALLIER'),
(4, '4', 'ALPES DE HAUTE PROVENCE'),
(5, '5', 'HAUTES ALPES'),
(6, '6', 'ALPES MARITIMES'),
(7, '7', 'ARDECHE'),
(8, '8', 'ARDENNES'),
(9, '9', 'ARIEGE'),
(10, '10', 'AUBE'),
(11, '11', 'AUDE'),
(12, '12', 'AVEYRON'),
(13, '13', 'BOUCHES DU RHONE'),
(14, '14', 'CALVADOS'),
(15, '15', 'CANTAL'),
(16, '16', 'CHARENTE'),
(17, '17', 'CHARENTE MARITIME'),
(18, '18', 'CHER'),
(19, '19', 'CORREZE'),
(20, '2A', 'CORSE SUD'),
(21, '2B', 'HAUTE CORSE'),
(22, '21', 'COTE D\'OR'),
(23, '22', 'COTES D\'ARMOR'),
(24, '23', 'CREUSE'),
(25, '24', 'DORDOGNE'),
(26, '25', 'DOUBS'),
(27, '26', 'DROME'),
(28, '27', 'EURE'),
(29, '28', 'EURE ET LOIR'),
(30, '29', 'FINISTERE'),
(31, '30', 'GARD'),
(32, '31', 'HAUTE GARONNE'),
(33, '32', 'GERS'),
(34, '33', 'GIRONDE'),
(35, '34', 'HERAULT'),
(36, '35', 'ILLE ET VILAINE'),
(37, '36', 'INDRE'),
(38, '37', 'INDRE ET LOIRE'),
(39, '38', 'ISERE'),
(40, '39', 'JURA'),
(41, '40', 'LANDES'),
(42, '41', 'LOIR ET CHER'),
(43, '42', 'LOIRE'),
(44, '43', 'HAUTE LOIRE'),
(45, '44', 'LOIRE ATLANTIQUE'),
(46, '45', 'LOIRET'),
(47, '46', 'LOT'),
(48, '47', 'LOT ET GARONNE'),
(49, '48', 'LOZERE'),
(50, '49', 'MAINE ET LOIRE'),
(51, '50', 'MANCHE'),
(52, '51', 'MARNE'),
(53, '52', 'HAUTE MARNE'),
(54, '53', 'MAYENNE'),
(55, '54', 'MEURTHE ET MOSELLE'),
(56, '55', 'MEUSE'),
(57, '56', 'MORBIHAN'),
(58, '57', 'MOSELLE'),
(59, '58', 'NIEVRE'),
(60, '59', 'NORD'),
(61, '60', 'OISE'),
(62, '61', 'ORNE'),
(63, '62', 'PAS DE CALAIS'),
(64, '63', 'PUY DE DOME'),
(65, '64', 'PYRENEES ATLANTIQUES'),
(66, '65', 'HAUTES PYRENEES'),
(67, '66', 'PYRENEES ORIENTALES'),
(68, '67', 'BAS RHIN'),
(69, '68', 'HAUT RHIN'),
(70, '69', 'RHONE'),
(71, '70', 'HAUTE SAONE'),
(72, '71', 'SAONE ET LOIRE'),
(73, '72', 'SARTHE'),
(74, '73', 'SAVOIE'),
(75, '74', 'HAUTE SAVOIE'),
(76, '75', 'PARIS'),
(77, '76', 'SEINE MARITIME'),
(78, '77', 'SEINE ET MARNE'),
(79, '78', 'YVELINES'),
(80, '79', 'DEUX SEVRES'),
(81, '80', 'SOMME'),
(82, '81', 'TARN'),
(83, '82', 'TARN ET GARONNE'),
(84, '83', 'VAR'),
(85, '84', 'VAUCLUSE'),
(86, '85', 'VENDEE'),
(87, '86', 'VIENNE'),
(88, '87', 'HAUTE VIENNE'),
(89, '88', 'VOSGES'),
(90, '89', 'YONNE'),
(91, '90', 'TERRITOIRE DE BELFORT'),
(92, '91', 'ESSONNE'),
(93, '92', 'HAUTS DE SEINE'),
(94, '93', 'SEINE SAINT-DENIS'),
(95, '94', 'VAL DE MARNE'),
(96, '95', 'VAL D\'OISE'),
(97, 'ZA', 'GUADELOUPE'),
(98, 'ZB', 'MARTINIQUE'),
(99, 'ZC', 'GUYANE'),
(100, 'ZD', 'LA REUNION'),
(101, '04', 'ALPES-DE-HAUTE-PROVENCE'),
(102, '05', 'HAUTES-ALPES'),
(103, '06', 'ALPES-MARITIMES');

-- --------------------------------------------------------

--
-- Table structure for table `elections`
--

DROP TABLE IF EXISTS `elections`;
CREATE TABLE IF NOT EXISTS `elections` (
  `id` int NOT NULL AUTO_INCREMENT,
  `annee` int NOT NULL,
  `departement_id` int NOT NULL,
  `moyenne_age` float NOT NULL,
  `moyenne_pouvoir_achat` float NOT NULL,
  `taux_chomage` float DEFAULT NULL,
  `type_de_position` int NOT NULL,
  `nom_gagnant` varchar(100) NOT NULL,
  `prenom_gagnant` varchar(100) NOT NULL,
  `nom_perdant` varchar(100) NOT NULL,
  `prenom_perdant` varchar(100) NOT NULL,
  `pourcentage_vote_gagnant` float NOT NULL,
  `pourcentage_vote_blanc` float NOT NULL,
  `pourcentage_abstention` float NOT NULL,
  `temperature_moyenne` float NOT NULL,
  PRIMARY KEY (`id`),
  KEY `departement_id` (`departement_id`),
  KEY `type_de_position` (`type_de_position`)
) ENGINE=MyISAM AUTO_INCREMENT=601 DEFAULT CHARSET=utf8mb4 COLLATE=utf8mb4_0900_ai_ci;

--
-- Dumping data for table `elections`
--

INSERT INTO `elections` (`id`, `annee`, `departement_id`, `moyenne_age`, `moyenne_pouvoir_achat`, `taux_chomage`, `type_de_position`, `nom_gagnant`, `prenom_gagnant`, `nom_perdant`, `prenom_perdant`, `pourcentage_vote_gagnant`, `pourcentage_vote_blanc`, `pourcentage_abstention`, `temperature_moyenne`) VALUES
(1, 1995, 1, -1.60256, 0.245526, -0.635756, 3, 'CHIRAC', 'JACQUES', 'JOSPIN', 'LIONEL', -0.100967, 0.320401, -0.117146, -1.56138),
(2, 1995, 2, -1.60256, 0.245526, 0.697998, 3, 'CHIRAC', 'JACQUES', 'JOSPIN', 'LIONEL', -0.852075, -0.240067, -0.395443, -1.56138),
(3, 1995, 3, -1.60256, 0.245526, 0.535156, 3, 'CHIRAC', 'JACQUES', 'JOSPIN', 'LIONEL', -0.581057, 0.208307, -0.327318, -1.56138),
(4, 1995, 4, -1.60256, 0.245526, 0.124174, 3, 'CHIRAC', 'JACQUES', 'JOSPIN', 'LIONEL', -0.390376, 0.504555, -0.436028, -1.56138),
(5, 1995, 5, -1.60256, 0.245526, -0.426388, 3, 'CHIRAC', 'JACQUES', 'JOSPIN', 'LIONEL', -0.175497, 0.000133445, -0.343263, -1.56138),
(6, 1995, 6, -1.60256, 0.245526, 0.697998, 3, 'CHIRAC', 'JACQUES', 'JOSPIN', 'LIONEL', 0.315239, -0.272094, 0.368425, -1.56138),
(7, 1995, 7, -1.60256, 0.245526, 0.240489, 3, 'CHIRAC', 'JACQUES', 'JOSPIN', 'LIONEL', -0.366178, 0.136247, -0.533143, -1.56138),
(8, 1995, 8, -1.60256, 0.245526, 1.00042, 3, 'CHIRAC', 'JACQUES', 'JOSPIN', 'LIONEL', -0.831749, -0.392194, -0.131641, -1.56138),
(9, 1995, 9, -1.60256, 0.245526, 0.255998, 3, 'CHIRAC', 'JACQUES', 'JOSPIN', 'LIONEL', -1.18794, -0.248074, -0.685337, -1.56138),
(10, 1995, 10, -1.60256, 0.245526, 0.41884, 3, 'CHIRAC', 'JACQUES', 'JOSPIN', 'LIONEL', -0.177433, 0.232327, -0.308475, -1.56138),
(11, 1995, 11, -1.60256, 0.245526, 0.783296, 3, 'CHIRAC', 'JACQUES', 'JOSPIN', 'LIONEL', -0.855947, 0.280367, -0.752012, -1.56138),
(12, 1995, 12, -1.60256, 0.245526, -0.930422, 3, 'CHIRAC', 'JACQUES', 'JOSPIN', 'LIONEL', 0.137142, -0.800535, -0.853475, -1.56138),
(13, 1995, 13, -1.60256, 0.245526, 1.77586, 3, 'CHIRAC', 'JACQUES', 'JOSPIN', 'LIONEL', -0.463938, 0.584621, 0.240872, -1.56138),
(14, 1995, 14, -1.60256, 0.245526, 0.341296, 3, 'CHIRAC', 'JACQUES', 'JOSPIN', 'LIONEL', -0.442644, -0.760501, -0.259194, -1.56138),
(15, 1995, 15, -1.60256, 0.245526, -0.178247, 3, 'CHIRAC', 'JACQUES', 'JOSPIN', 'LIONEL', 0.709184, -1.69728, -0.733169, -1.56138),
(16, 1995, 16, -1.60256, 0.245526, 0.131928, 3, 'CHIRAC', 'JACQUES', 'JOSPIN', 'LIONEL', -0.766898, -0.640401, -0.233103, -1.56138),
(17, 1995, 17, -1.60256, 0.245526, 0.845331, 3, 'CHIRAC', 'JACQUES', 'JOSPIN', 'LIONEL', -0.447483, -0.512294, -0.169327, -1.56138),
(18, 1995, 18, -1.60256, 0.245526, 0.124174, 3, 'CHIRAC', 'JACQUES', 'JOSPIN', 'LIONEL', -0.599447, 0.168274, -0.0664145, -1.56138),
(19, 1995, 19, -1.60256, 0.245526, -0.434142, 3, 'CHIRAC', 'JACQUES', 'JOSPIN', 'LIONEL', 0.744997, -1.27293, -1.19845, -1.56138),
(20, 1995, 20, -1.60256, 0.245526, 0.760033, 3, 'CHIRAC', 'JACQUES', 'JOSPIN', 'LIONEL', 0.0993927, -1.9615, 0.630779, -1.56138),
(21, 1995, 21, -1.60256, 0.245526, 0.837577, 3, 'CHIRAC', 'JACQUES', 'JOSPIN', 'LIONEL', -0.243252, -2.03356, 0.642374, -1.56138),
(22, 1995, 22, -1.60256, 0.245526, -0.0231598, 3, 'CHIRAC', 'JACQUES', 'JOSPIN', 'LIONEL', -0.247123, -0.25608, -0.256295, -1.56138),
(23, 1995, 23, -1.60256, 0.245526, -0.0541773, 3, 'CHIRAC', 'JACQUES', 'JOSPIN', 'LIONEL', -0.633324, -1.09678, -0.83898, -1.56138),
(24, 1995, 24, -1.60256, 0.245526, -0.178247, 3, 'CHIRAC', 'JACQUES', 'JOSPIN', 'LIONEL', -0.171626, -1.06476, -0.43313, -1.56138),
(25, 1995, 25, -1.60256, 0.245526, 0.00785777, 3, 'CHIRAC', 'JACQUES', 'JOSPIN', 'LIONEL', -0.341012, -0.119967, -0.925948, -1.56138),
(26, 1995, 26, -1.60256, 0.245526, -0.418633, 3, 'CHIRAC', 'JACQUES', 'JOSPIN', 'LIONEL', -0.283905, -0.13598, -0.550536, -1.56138),
(27, 1995, 27, -1.60256, 0.245526, 0.744524, 3, 'CHIRAC', 'JACQUES', 'JOSPIN', 'LIONEL', -0.371985, 0.344421, -0.298329, -1.56138),
(28, 1995, 28, -1.60256, 0.245526, 0.263752, 3, 'CHIRAC', 'JACQUES', 'JOSPIN', 'LIONEL', -0.368114, 0.168274, -0.247598, -1.56138),
(29, 1995, 29, -1.60256, 0.245526, -0.39537, 3, 'CHIRAC', 'JACQUES', 'JOSPIN', 'LIONEL', -0.307135, 0.216314, -0.16063, -1.56138),
(30, 1995, 30, -1.60256, 0.245526, -0.0851948, 3, 'CHIRAC', 'JACQUES', 'JOSPIN', 'LIONEL', -0.323589, -1.20888, -0.517199, -1.56138),
(31, 1995, 31, -1.60256, 0.245526, 1.55873, 3, 'CHIRAC', 'JACQUES', 'JOSPIN', 'LIONEL', -0.546211, 1.01698, -0.286733, -1.56138),
(32, 1995, 32, -1.60256, 0.245526, 0.480875, 3, 'CHIRAC', 'JACQUES', 'JOSPIN', 'LIONEL', -0.816262, -0.336147, -0.312824, -1.56138),
(33, 1995, 33, -1.60256, 0.245526, -0.612493, 3, 'CHIRAC', 'JACQUES', 'JOSPIN', 'LIONEL', -0.449419, -0.176014, -0.773754, -1.56138),
(34, 1995, 34, -1.60256, 0.245526, 0.73677, 3, 'CHIRAC', 'JACQUES', 'JOSPIN', 'LIONEL', -0.606223, -0.320134, -0.370802, -1.56138),
(35, 1995, 35, -1.60256, 0.245526, 1.76035, 3, 'CHIRAC', 'JACQUES', 'JOSPIN', 'LIONEL', -0.476521, 0.400468, -0.37805, -1.56138),
(36, 1995, 36, -1.60256, 0.245526, -0.317826, 3, 'CHIRAC', 'JACQUES', 'JOSPIN', 'LIONEL', -0.394248, -1.1128, -0.32297, -1.56138),
(37, 1995, 37, -1.60256, 0.245526, -0.201511, 3, 'CHIRAC', 'JACQUES', 'JOSPIN', 'LIONEL', -0.494912, 0.240334, -0.40414, -1.56138),
(38, 1995, 38, -1.60256, 0.245526, 0.1707, 3, 'CHIRAC', 'JACQUES', 'JOSPIN', 'LIONEL', -0.574281, -0.25608, -0.0794597, -1.56138),
(39, 1995, 39, -1.60256, 0.245526, 0.232735, 3, 'CHIRAC', 'JACQUES', 'JOSPIN', 'LIONEL', -0.672041, 0.160267, -0.02438, -1.56138),
(40, 1995, 40, -1.60256, 0.245526, -0.969194, 3, 'CHIRAC', 'JACQUES', 'JOSPIN', 'LIONEL', -0.356499, 0.544588, -0.491108, -1.56138),
(41, 1995, 41, -1.60256, 0.245526, -0.263546, 3, 'CHIRAC', 'JACQUES', 'JOSPIN', 'LIONEL', -0.563634, -0.552328, -0.815789, -1.56138),
(42, 1995, 42, -1.60256, 0.245526, -0.100704, 3, 'CHIRAC', 'JACQUES', 'JOSPIN', 'LIONEL', -0.427157, 0.336414, -0.354858, -1.56138),
(43, 1995, 43, -1.60256, 0.245526, 0.674735, 3, 'CHIRAC', 'JACQUES', 'JOSPIN', 'LIONEL', -0.366178, 0.344421, 0.208984, -1.56138),
(44, 1995, 44, -1.60256, 0.245526, -0.441896, 3, 'CHIRAC', 'JACQUES', 'JOSPIN', 'LIONEL', 0.103264, 0.0641869, -0.54039, -1.56138),
(45, 1995, 45, -1.60256, 0.245526, 0.54291, 3, 'CHIRAC', 'JACQUES', 'JOSPIN', 'LIONEL', -0.573313, -0.632395, -0.0664145, -1.56138),
(46, 1995, 46, -1.60256, 0.245526, -0.310072, 3, 'CHIRAC', 'JACQUES', 'JOSPIN', 'LIONEL', -0.126133, 0.256347, -0.29688, -1.56138),
(47, 1995, 47, -1.60256, 0.245526, -0.286809, 3, 'CHIRAC', 'JACQUES', 'JOSPIN', 'LIONEL', -0.415542, -0.536314, -1.07959, -1.56138),
(48, 1995, 48, -1.60256, 0.245526, 0.325787, 3, 'CHIRAC', 'JACQUES', 'JOSPIN', 'LIONEL', -0.292616, 0.536581, -0.723023, -1.56138),
(49, 1995, 49, -1.60256, 0.245526, -1.09326, 3, 'CHIRAC', 'JACQUES', 'JOSPIN', 'LIONEL', 0.60852, -0.920635, -0.912903, -1.56138),
(50, 1995, 50, -1.60256, 0.245526, 0.116419, 3, 'CHIRAC', 'JACQUES', 'JOSPIN', 'LIONEL', -0.0148221, -0.25608, -0.32297, -1.56138),
(51, 1995, 51, -1.60256, 0.245526, -0.131721, 3, 'CHIRAC', 'JACQUES', 'JOSPIN', 'LIONEL', 0.173923, -0.864588, -0.336015, -1.56138),
(52, 1995, 52, -1.60256, 0.245526, 0.255998, 3, 'CHIRAC', 'JACQUES', 'JOSPIN', 'LIONEL', -0.362306, -0.216047, 0.122016, -1.56138),
(53, 1995, 53, -1.60256, 0.245526, 0.093156, 3, 'CHIRAC', 'JACQUES', 'JOSPIN', 'LIONEL', -0.492976, 0.432494, -0.104101, -1.56138),
(54, 1995, 54, -1.60256, 0.245526, -0.938177, 3, 'CHIRAC', 'JACQUES', 'JOSPIN', 'LIONEL', 0.229094, -0.552328, -0.415736, -1.56138),
(55, 1995, 55, -1.60256, 0.245526, -0.170493, 3, 'CHIRAC', 'JACQUES', 'JOSPIN', 'LIONEL', -0.806583, 0.000133445, 0.0147556, -1.56138),
(56, 1995, 56, -1.60256, 0.245526, -0.457405, 3, 'CHIRAC', 'JACQUES', 'JOSPIN', 'LIONEL', -0.396183, 0.232327, -0.320071, -1.56138),
(57, 1995, 57, -1.60256, 0.245526, 0.0466297, 3, 'CHIRAC', 'JACQUES', 'JOSPIN', 'LIONEL', -0.190016, -0.672428, -0.494007, -1.56138),
(58, 1995, 58, -1.60256, 0.245526, -0.0386685, 3, 'CHIRAC', 'JACQUES', 'JOSPIN', 'LIONEL', -0.661394, 0.672695, 0.159702, -1.56138),
(59, 1995, 59, -1.60256, 0.245526, 0.116419, 3, 'CHIRAC', 'JACQUES', 'JOSPIN', 'LIONEL', -1.04856, -0.312127, -0.356308, -1.56138),
(60, 1995, 60, -1.60256, 0.245526, 1.33386, 3, 'CHIRAC', 'JACQUES', 'JOSPIN', 'LIONEL', -0.947899, 0.120234, 0.0553406, -1.56138),
(61, 1995, 61, -1.60256, 0.245526, -0.0231598, 3, 'CHIRAC', 'JACQUES', 'JOSPIN', 'LIONEL', -0.516206, 0.448508, -0.262093, -1.56138),
(62, 1995, 62, -1.60256, 0.245526, -0.426388, 3, 'CHIRAC', 'JACQUES', 'JOSPIN', 'LIONEL', 0.0877776, -0.480268, -0.430231, -1.56138),
(63, 1995, 63, -1.60256, 0.245526, 1.24856, 3, 'CHIRAC', 'JACQUES', 'JOSPIN', 'LIONEL', -1.12406, 0.288374, -0.257744, -1.56138),
(64, 1995, 64, -1.60256, 0.245526, -0.069686, 3, 'CHIRAC', 'JACQUES', 'JOSPIN', 'LIONEL', -0.399087, -0.0719267, -0.511401, -1.56138),
(65, 1995, 65, -1.60256, 0.245526, 0.0776472, 3, 'CHIRAC', 'JACQUES', 'JOSPIN', 'LIONEL', -0.180337, -0.496281, -0.45922, -1.56138),
(66, 1995, 66, -1.60256, 0.245526, 0.411086, 3, 'CHIRAC', 'JACQUES', 'JOSPIN', 'LIONEL', -0.785288, -0.20804, -0.346162, -1.56138),
(67, 1995, 67, -1.60256, 0.245526, 1.62852, 3, 'CHIRAC', 'JACQUES', 'JOSPIN', 'LIONEL', -0.456195, 0.400468, -0.289632, -1.56138),
(68, 1995, 68, -1.60256, 0.245526, -0.806352, 3, 'CHIRAC', 'JACQUES', 'JOSPIN', 'LIONEL', -0.179369, 1.04901, 0.230726, -1.56138),
(69, 1995, 69, -1.60256, 0.245526, -0.876142, 3, 'CHIRAC', 'JACQUES', 'JOSPIN', 'LIONEL', -0.281001, 1.37728, 0.127814, -1.56138),
(70, 1995, 70, -1.60256, 0.245526, 0.333542, 3, 'CHIRAC', 'JACQUES', 'JOSPIN', 'LIONEL', -0.459098, -0.103953, 0.0799816, -1.56138),
(71, 1995, 71, -1.60256, 0.245526, -0.248037, 3, 'CHIRAC', 'JACQUES', 'JOSPIN', 'LIONEL', -0.421349, 0.512561, -0.712876, -1.56138),
(72, 1995, 72, -1.60256, 0.245526, 0.22498, 3, 'CHIRAC', 'JACQUES', 'JOSPIN', 'LIONEL', -0.523949, -0.0799334, -0.089606, -1.56138),
(73, 1995, 73, -1.60256, 0.245526, 0.201717, 3, 'CHIRAC', 'JACQUES', 'JOSPIN', 'LIONEL', -0.66817, -0.240067, -0.101202, -1.56138),
(74, 1995, 74, -1.60256, 0.245526, 0.000103392, 3, 'CHIRAC', 'JACQUES', 'JOSPIN', 'LIONEL', -0.171626, -0.0879401, -0.117146, -1.56138),
(75, 1995, 75, -1.60256, 0.245526, -0.356598, 3, 'CHIRAC', 'JACQUES', 'JOSPIN', 'LIONEL', 0.241677, -0.06392, -0.0852576, -1.56138),
(76, 1995, 76, -1.60256, 0.245526, 0.287016, 3, 'CHIRAC', 'JACQUES', 'JOSPIN', 'LIONEL', 0.0945531, -1.80137, 0.271311, -1.56138),
(77, 1995, 77, -1.60256, 0.245526, 0.899612, 3, 'CHIRAC', 'JACQUES', 'JOSPIN', 'LIONEL', -0.894663, -0.0238866, 0.019104, -1.56138),
(78, 1995, 78, -1.60256, 0.245526, -0.372107, 3, 'CHIRAC', 'JACQUES', 'JOSPIN', 'LIONEL', -0.296488, 0.0561802, -0.00263803, -1.56138),
(79, 1995, 79, -1.60256, 0.245526, -0.573721, 3, 'CHIRAC', 'JACQUES', 'JOSPIN', 'LIONEL', 0.278458, -0.680435, -0.301228, -1.56138),
(80, 1995, 80, -1.60256, 0.245526, -0.232528, 3, 'CHIRAC', 'JACQUES', 'JOSPIN', 'LIONEL', -0.278097, -0.768508, -0.436028, -1.56138),
(81, 1995, 81, -1.60256, 0.245526, 0.752279, 3, 'CHIRAC', 'JACQUES', 'JOSPIN', 'LIONEL', -0.688496, -0.168007, -0.592571, -1.56138),
(82, 1995, 82, -1.60256, 0.245526, 0.0854016, 3, 'CHIRAC', 'JACQUES', 'JOSPIN', 'LIONEL', -0.452323, 0.272361, -0.794047, -1.56138),
(83, 1995, 83, -1.60256, 0.245526, -0.0851948, 3, 'CHIRAC', 'JACQUES', 'JOSPIN', 'LIONEL', -0.344884, 0.112227, -0.746214, -1.56138),
(84, 1995, 84, -1.60256, 0.245526, 1.36487, 3, 'CHIRAC', 'JACQUES', 'JOSPIN', 'LIONEL', 0.0858418, 0.464521, 0.135061, -1.56138),
(85, 1995, 85, -1.60256, 0.245526, 0.953892, 3, 'CHIRAC', 'JACQUES', 'JOSPIN', 'LIONEL', -0.226797, 1.23316, -0.253396, -1.56138),
(86, 1995, 86, -1.60256, 0.245526, -0.255791, 3, 'CHIRAC', 'JACQUES', 'JOSPIN', 'LIONEL', 0.3617, -0.416214, -0.596919, -1.56138),
(87, 1995, 87, -1.60256, 0.245526, -0.131721, 3, 'CHIRAC', 'JACQUES', 'JOSPIN', 'LIONEL', -0.492008, -0.528308, -0.327318, -1.56138),
(88, 1995, 88, -1.60256, 0.245526, -0.325581, 3, 'CHIRAC', 'JACQUES', 'JOSPIN', 'LIONEL', -0.580089, -0.06392, -0.653448, -1.56138),
(89, 1995, 89, -1.60256, 0.245526, 0.0233665, 3, 'CHIRAC', 'JACQUES', 'JOSPIN', 'LIONEL', -0.474585, 0.760768, -0.372252, -1.56138),
(90, 1995, 90, -1.60256, 0.245526, 0.0466297, 3, 'CHIRAC', 'JACQUES', 'JOSPIN', 'LIONEL', -0.226797, 0.160267, -0.259194, -1.56138),
(91, 1995, 91, -1.60256, 0.245526, 0.0698928, 3, 'CHIRAC', 'JACQUES', 'JOSPIN', 'LIONEL', -0.670106, 1.30522, -0.509951, -1.56138),
(92, 1995, 92, -1.60256, 0.245526, -0.550458, 3, 'CHIRAC', 'JACQUES', 'JOSPIN', 'LIONEL', -0.331333, -0.264087, -0.204114, -1.56138),
(93, 1995, 93, -1.60256, 0.245526, -0.123967, 3, 'CHIRAC', 'JACQUES', 'JOSPIN', 'LIONEL', -0.150331, -1.16084, 0.127814, -1.56138),
(94, 1995, 94, -1.60256, 0.245526, 1.10123, 3, 'CHIRAC', 'JACQUES', 'JOSPIN', 'LIONEL', -1.01759, -0.0318933, 0.711949, -1.56138),
(95, 1995, 95, -1.60256, 0.245526, -0.0309141, 3, 'CHIRAC', 'JACQUES', 'JOSPIN', 'LIONEL', -0.458131, -0.504288, 0.133612, -1.56138),
(96, 1995, 96, -1.60256, 0.245526, 0.139682, 3, 'CHIRAC', 'JACQUES', 'JOSPIN', 'LIONEL', -0.396183, -0.127973, 0.0495428, -1.56138),
(97, 1995, 97, -1.60256, 0.245526, 4.676, 3, 'CHIRAC', 'JACQUES', 'JOSPIN', 'LIONEL', -2.4114, -2.0736, 4.99947, -1.56138),
(98, 1995, 98, -1.60256, 0.245526, 3.37326, 3, 'CHIRAC', 'JACQUES', 'JOSPIN', 'LIONEL', -2.42882, -1.55316, 4.39359, -1.56138),
(99, 1995, 99, -1.60256, 0.245526, 3.68343, 3, 'CHIRAC', 'JACQUES', 'JOSPIN', 'LIONEL', -1.7174, -2.06559, 4.52839, -1.56138),
(100, 1995, 100, -1.60256, 0.245526, 5.26533, 3, 'CHIRAC', 'JACQUES', 'JOSPIN', 'LIONEL', -1.17536, -1.92147, 0.642374, -1.56138),
(101, 2002, 1, -0.746397, 0.954822, -1.3259, 3, 'CHIRAC', 'JACQUES', 'LE PEN', 'JEAN-MARIE', 1.58515, -0.496281, -0.24035, -0.405554),
(102, 2002, 2, -0.746397, 0.954822, 0.186209, 3, 'CHIRAC', 'JACQUES', 'LE PEN', 'JEAN-MARIE', 1.23089, 0.240334, -0.163529, -0.405554),
(103, 2002, 3, -0.746397, 0.954822, -0.356598, 3, 'CHIRAC', 'JACQUES', 'LE PEN', 'JEAN-MARIE', 1.96748, 0.344421, -0.227305, -0.405554),
(104, 2002, 4, -0.746397, 0.954822, -0.0386685, 3, 'CHIRAC', 'JACQUES', 'LE PEN', 'JEAN-MARIE', 1.65194, 0.248341, -0.496906, -0.405554),
(105, 2002, 5, -0.746397, 0.954822, -0.58923, 3, 'CHIRAC', 'JACQUES', 'LE PEN', 'JEAN-MARIE', 1.9307, 0.0641869, -0.479512, -0.405554),
(106, 2002, 6, -0.746397, 0.954822, -0.201511, 3, 'CHIRAC', 'JACQUES', 'LE PEN', 'JEAN-MARIE', 0.754676, -1.19286, 0.468439, -0.405554),
(107, 2002, 7, -0.746397, 0.954822, -0.224774, 3, 'CHIRAC', 'JACQUES', 'LE PEN', 'JEAN-MARIE', 1.92005, 0.392461, -0.559233, -0.405554),
(108, 2002, 8, -0.746397, 0.954822, 0.457612, 3, 'CHIRAC', 'JACQUES', 'LE PEN', 'JEAN-MARIE', 1.11765, 0.272361, 0.123466, -0.405554),
(109, 2002, 9, -0.746397, 0.954822, -0.232528, 3, 'CHIRAC', 'JACQUES', 'LE PEN', 'JEAN-MARIE', 1.90844, 1.44934, -0.496906, -0.405554),
(110, 2002, 10, -0.746397, 0.954822, -0.248037, 3, 'CHIRAC', 'JACQUES', 'LE PEN', 'JEAN-MARIE', 1.3635, -0.151994, -0.146135, -0.405554),
(111, 2002, 11, -0.746397, 0.954822, 0.318033, 3, 'CHIRAC', 'JACQUES', 'LE PEN', 'JEAN-MARIE', 1.45545, 1.20114, -0.418635, -0.405554),
(112, 2002, 12, -0.746397, 0.954822, -1.21733, 3, 'CHIRAC', 'JACQUES', 'LE PEN', 'JEAN-MARIE', 2.52597, 0.288374, -0.801294, -0.405554),
(113, 2002, 13, -0.746397, 0.954822, 0.752279, 3, 'CHIRAC', 'JACQUES', 'LE PEN', 'JEAN-MARIE', 1.14475, -0.816548, -0.228755, -0.405554),
(114, 2002, 14, -0.746397, 0.954822, -0.310072, 3, 'CHIRAC', 'JACQUES', 'LE PEN', 'JEAN-MARIE', 1.99749, -0.744488, -0.247598, -0.405554),
(115, 2002, 15, -0.746397, 0.954822, -0.96144, 3, 'CHIRAC', 'JACQUES', 'LE PEN', 'JEAN-MARIE', 2.47467, -0.528308, -0.518648, -0.405554),
(116, 2002, 16, -0.746397, 0.954822, -0.341089, 3, 'CHIRAC', 'JACQUES', 'LE PEN', 'JEAN-MARIE', 2.00717, 0.232327, -0.278037, -0.405554),
(117, 2002, 17, -0.746397, 0.954822, -0.0929492, 3, 'CHIRAC', 'JACQUES', 'LE PEN', 'JEAN-MARIE', 1.96168, -0.368174, -0.282385, -0.405554),
(118, 2002, 18, -0.746397, 0.954822, -0.457405, 3, 'CHIRAC', 'JACQUES', 'LE PEN', 'JEAN-MARIE', 1.79035, -0.0399, -0.120045, -0.405554),
(119, 2002, 19, -0.746397, 0.954822, -1.10877, 3, 'CHIRAC', 'JACQUES', 'LE PEN', 'JEAN-MARIE', 2.84055, 0.312394, -0.976679, -0.405554),
(120, 2002, 20, -0.746397, 0.954822, -0.131721, 3, 'CHIRAC', 'JACQUES', 'LE PEN', 'JEAN-MARIE', 0.624007, -0.600368, 1.47727, -0.405554),
(121, 2002, 21, -0.746397, 0.954822, 0.155191, 3, 'CHIRAC', 'JACQUES', 'LE PEN', 'JEAN-MARIE', 0.560124, 0.560601, 1.83094, -0.405554),
(122, 2002, 22, -0.746397, 0.954822, -0.728809, 3, 'CHIRAC', 'JACQUES', 'LE PEN', 'JEAN-MARIE', 1.83778, -0.143987, -0.372252, -0.405554),
(123, 2002, 23, -0.746397, 0.954822, -0.752072, 3, 'CHIRAC', 'JACQUES', 'LE PEN', 'JEAN-MARIE', 2.5192, -0.0879401, -0.701281, -0.405554),
(124, 2002, 24, -0.746397, 0.954822, -0.697791, 3, 'CHIRAC', 'JACQUES', 'LE PEN', 'JEAN-MARIE', 2.24044, 0.0241535, -0.244699, -0.405554),
(125, 2002, 25, -0.746397, 0.954822, -0.496177, 3, 'CHIRAC', 'JACQUES', 'LE PEN', 'JEAN-MARIE', 2.27625, 0.792795, -0.7839, -0.405554),
(126, 2002, 26, -0.746397, 0.954822, -0.7133, 3, 'CHIRAC', 'JACQUES', 'LE PEN', 'JEAN-MARIE', 1.89876, 0.15226, -0.520097, -0.405554),
(127, 2002, 27, -0.746397, 0.954822, -0.154984, 3, 'CHIRAC', 'JACQUES', 'LE PEN', 'JEAN-MARIE', 1.68872, -0.304121, -0.399792, -0.405554),
(128, 2002, 28, -0.746397, 0.954822, -0.503931, 3, 'CHIRAC', 'JACQUES', 'LE PEN', 'JEAN-MARIE', 1.53095, -0.536314, -0.208462, -0.405554),
(129, 2002, 29, -0.746397, 0.954822, -0.783089, 3, 'CHIRAC', 'JACQUES', 'LE PEN', 'JEAN-MARIE', 1.60258, -0.528308, -0.199765, -0.405554),
(130, 2002, 30, -0.746397, 0.954822, -0.659019, 3, 'CHIRAC', 'JACQUES', 'LE PEN', 'JEAN-MARIE', 2.5492, -0.752495, -0.48531, -0.405554),
(131, 2002, 31, -0.746397, 0.954822, 0.907366, 3, 'CHIRAC', 'JACQUES', 'LE PEN', 'JEAN-MARIE', 1.15346, 0.376448, -0.340364, -0.405554),
(132, 2002, 32, -0.746397, 0.954822, 0.0466297, 3, 'CHIRAC', 'JACQUES', 'LE PEN', 'JEAN-MARIE', 2.06718, -0.11196, -0.466467, -0.405554),
(133, 2002, 33, -0.746397, 0.954822, -1.02348, 3, 'CHIRAC', 'JACQUES', 'LE PEN', 'JEAN-MARIE', 2.25786, 0.712728, -0.805642, -0.405554),
(134, 2002, 34, -0.746397, 0.954822, -0.162739, 3, 'CHIRAC', 'JACQUES', 'LE PEN', 'JEAN-MARIE', 2.00523, -0.16, -0.389646, -0.405554),
(135, 2002, 35, -0.746397, 0.954822, 1.0547, 3, 'CHIRAC', 'JACQUES', 'LE PEN', 'JEAN-MARIE', 1.30349, 0.344421, -0.311374, -0.405554),
(136, 2002, 36, -0.746397, 0.954822, -0.883896, 3, 'CHIRAC', 'JACQUES', 'LE PEN', 'JEAN-MARIE', 2.62761, -0.960669, -0.531693, -0.405554),
(137, 2002, 37, -0.746397, 0.954822, -0.682282, 3, 'CHIRAC', 'JACQUES', 'LE PEN', 'JEAN-MARIE', 1.93748, 0.392461, -0.422983, -0.405554),
(138, 2002, 38, -0.746397, 0.954822, -0.690037, 3, 'CHIRAC', 'JACQUES', 'LE PEN', 'JEAN-MARIE', 2.0546, -0.432227, -0.286733, -0.405554),
(139, 2002, 39, -0.746397, 0.954822, -0.697791, 3, 'CHIRAC', 'JACQUES', 'LE PEN', 'JEAN-MARIE', 1.88134, -0.832562, -0.32297, -0.405554),
(140, 2002, 40, -0.746397, 0.954822, -1.05449, 3, 'CHIRAC', 'JACQUES', 'LE PEN', 'JEAN-MARIE', 1.77196, 0.552595, -0.450523, -0.405554),
(141, 2002, 41, -0.746397, 0.954822, -0.620247, 3, 'CHIRAC', 'JACQUES', 'LE PEN', 'JEAN-MARIE', 2.2898, 0.536581, -0.578076, -0.405554),
(142, 2002, 42, -0.746397, 0.954822, -0.744317, 3, 'CHIRAC', 'JACQUES', 'LE PEN', 'JEAN-MARIE', 1.76809, -0.25608, -0.347611, -0.405554),
(143, 2002, 43, -0.746397, 0.954822, -0.372107, 3, 'CHIRAC', 'JACQUES', 'LE PEN', 'JEAN-MARIE', 1.53676, -0.552328, -0.0504704, -0.405554),
(144, 2002, 44, -0.746397, 0.954822, -0.845124, 3, 'CHIRAC', 'JACQUES', 'LE PEN', 'JEAN-MARIE', 1.86392, 0.344421, -0.491108, -0.405554),
(145, 2002, 45, -0.746397, 0.954822, -0.46516, 3, 'CHIRAC', 'JACQUES', 'LE PEN', 'JEAN-MARIE', 2.41853, -0.888608, -0.320071, -0.405554),
(146, 2002, 46, -0.746397, 0.954822, -1.01572, 3, 'CHIRAC', 'JACQUES', 'LE PEN', 'JEAN-MARIE', 1.83875, -0.736481, -0.327318, -0.405554),
(147, 2002, 47, -0.746397, 0.954822, -0.58923, 3, 'CHIRAC', 'JACQUES', 'LE PEN', 'JEAN-MARIE', 2.5192, 0.744755, -0.904206, -0.405554),
(148, 2002, 48, -0.746397, 0.954822, -0.387616, 3, 'CHIRAC', 'JACQUES', 'LE PEN', 'JEAN-MARIE', 1.59386, 0.728742, -0.598369, -0.405554),
(149, 2002, 49, -0.746397, 0.954822, -1.22509, 3, 'CHIRAC', 'JACQUES', 'LE PEN', 'JEAN-MARIE', 2.28206, 0.192294, -0.70418, -0.405554),
(150, 2002, 50, -0.746397, 0.954822, -0.620247, 3, 'CHIRAC', 'JACQUES', 'LE PEN', 'JEAN-MARIE', 2.44854, -0.816548, -0.498356, -0.405554),
(151, 2002, 51, -0.746397, 0.954822, -0.58923, 3, 'CHIRAC', 'JACQUES', 'LE PEN', 'JEAN-MARIE', 2.13977, -0.856582, -0.299779, -0.405554),
(152, 2002, 52, -0.746397, 0.954822, -0.635756, 3, 'CHIRAC', 'JACQUES', 'LE PEN', 'JEAN-MARIE', 1.43416, -0.760501, 0.236524, -0.405554),
(153, 2002, 53, -0.746397, 0.954822, -0.527195, 3, 'CHIRAC', 'JACQUES', 'LE PEN', 'JEAN-MARIE', 1.1825, 0.248341, 0.0364976, -0.405554),
(154, 2002, 54, -0.746397, 0.954822, -1.3414, 3, 'CHIRAC', 'JACQUES', 'LE PEN', 'JEAN-MARIE', 2.48242, -0.792528, -0.473715, -0.405554),
(155, 2002, 55, -0.746397, 0.954822, -0.651265, 3, 'CHIRAC', 'JACQUES', 'LE PEN', 'JEAN-MARIE', 1.66646, -0.544321, 0.0176545, -0.405554),
(156, 2002, 56, -0.746397, 0.954822, -0.659019, 3, 'CHIRAC', 'JACQUES', 'LE PEN', 'JEAN-MARIE', 1.45352, 0.0481735, -0.166428, -0.405554),
(157, 2002, 57, -0.746397, 0.954822, -0.558212, 3, 'CHIRAC', 'JACQUES', 'LE PEN', 'JEAN-MARIE', 2.28399, -0.648408, -0.483861, -0.405554),
(158, 2002, 58, -0.746397, 0.954822, -0.573721, 3, 'CHIRAC', 'JACQUES', 'LE PEN', 'JEAN-MARIE', 1.30252, -0.672428, 0.239423, -0.405554),
(159, 2002, 59, -0.746397, 0.954822, -0.472914, 3, 'CHIRAC', 'JACQUES', 'LE PEN', 'JEAN-MARIE', 1.54644, 0.576615, 0.0422954, -0.405554),
(160, 2002, 60, -0.746397, 0.954822, 0.504138, 3, 'CHIRAC', 'JACQUES', 'LE PEN', 'JEAN-MARIE', 1.30736, -0.576348, 0.233625, -0.405554),
(161, 2002, 61, -0.746397, 0.954822, -0.581475, 3, 'CHIRAC', 'JACQUES', 'LE PEN', 'JEAN-MARIE', 1.23089, -0.2801, -0.141787, -0.405554),
(162, 2002, 62, -0.746397, 0.954822, -0.705545, 3, 'CHIRAC', 'JACQUES', 'LE PEN', 'JEAN-MARIE', 1.88715, -0.736481, -0.408489, -0.405554),
(163, 2002, 63, -0.746397, 0.954822, 0.310279, 3, 'CHIRAC', 'JACQUES', 'LE PEN', 'JEAN-MARIE', 1.28703, 0.280367, 0.0567901, -0.405554),
(164, 2002, 64, -0.746397, 0.954822, -0.64351, 3, 'CHIRAC', 'JACQUES', 'LE PEN', 'JEAN-MARIE', 2.27528, 0.0241535, -0.466467, -0.405554),
(165, 2002, 65, -0.746397, 0.954822, -0.434142, 3, 'CHIRAC', 'JACQUES', 'LE PEN', 'JEAN-MARIE', 2.28593, 0.248341, -0.469366, -0.405554),
(166, 2002, 66, -0.746397, 0.954822, -0.0541773, 3, 'CHIRAC', 'JACQUES', 'LE PEN', 'JEAN-MARIE', 2.1843, 0.712728, -0.498356, -0.405554),
(167, 2002, 67, -0.746397, 0.954822, 0.767787, 3, 'CHIRAC', 'JACQUES', 'LE PEN', 'JEAN-MARIE', 1.18056, 0.504555, -0.191069, -0.405554),
(168, 2002, 68, -0.746397, 0.954822, -0.976949, 3, 'CHIRAC', 'JACQUES', 'LE PEN', 'JEAN-MARIE', 1.55224, -0.584354, -0.0867071, -0.405554),
(169, 2002, 69, -0.746397, 0.954822, -1.14755, 3, 'CHIRAC', 'JACQUES', 'LE PEN', 'JEAN-MARIE', 1.42448, -0.456248, -0.0983028, -0.405554),
(170, 2002, 70, -0.746397, 0.954822, -0.651265, 3, 'CHIRAC', 'JACQUES', 'LE PEN', 'JEAN-MARIE', 1.84649, -1.25692, -0.244699, -0.405554),
(171, 2002, 71, -0.746397, 0.954822, -0.83737, 3, 'CHIRAC', 'JACQUES', 'LE PEN', 'JEAN-MARIE', 1.24735, 1.47336, -0.369353, -0.405554),
(172, 2002, 72, -0.746397, 0.954822, -0.565967, 3, 'CHIRAC', 'JACQUES', 'LE PEN', 'JEAN-MARIE', 1.61806, 0.328407, -0.0287284, -0.405554),
(173, 2002, 73, -0.746397, 0.954822, -0.775335, 3, 'CHIRAC', 'JACQUES', 'LE PEN', 'JEAN-MARIE', 1.93361, -0.119967, -0.183821, -0.405554),
(174, 2002, 74, -0.746397, 0.954822, -0.821861, 3, 'CHIRAC', 'JACQUES', 'LE PEN', 'JEAN-MARIE', 1.72163, -0.448241, -0.162079, -0.405554),
(175, 2002, 75, -0.746397, 0.954822, -1.03123, 3, 'CHIRAC', 'JACQUES', 'LE PEN', 'JEAN-MARIE', 1.77971, -0.864588, -0.120045, -0.405554),
(176, 2002, 76, -0.746397, 0.954822, -0.154984, 3, 'CHIRAC', 'JACQUES', 'LE PEN', 'JEAN-MARIE', 2.76989, -2.18569, -0.527345, -0.405554),
(177, 2002, 77, -0.746397, 0.954822, 0.0388753, 3, 'CHIRAC', 'JACQUES', 'LE PEN', 'JEAN-MARIE', 1.83197, -0.632395, -0.151933, -0.405554),
(178, 2002, 78, -0.746397, 0.954822, -1.03898, 3, 'CHIRAC', 'JACQUES', 'LE PEN', 'JEAN-MARIE', 1.71098, -0.968675, -0.13309, -0.405554),
(179, 2002, 79, -0.746397, 0.954822, -0.969194, 3, 'CHIRAC', 'JACQUES', 'LE PEN', 'JEAN-MARIE', 2.27625, -1.48911, -0.385297, -0.405554),
(180, 2002, 80, -0.746397, 0.954822, -0.96144, 3, 'CHIRAC', 'JACQUES', 'LE PEN', 'JEAN-MARIE', 2.65955, -0.848575, -0.630257, -0.405554),
(181, 2002, 81, -0.746397, 0.954822, 0.0854016, 3, 'CHIRAC', 'JACQUES', 'LE PEN', 'JEAN-MARIE', 1.49126, 0.400468, -0.298329, -0.405554),
(182, 2002, 82, -0.746397, 0.954822, -0.248037, 3, 'CHIRAC', 'JACQUES', 'LE PEN', 'JEAN-MARIE', 2.02169, 0.832829, -0.7839, -0.405554),
(183, 2002, 83, -0.746397, 0.954822, -0.348844, 3, 'CHIRAC', 'JACQUES', 'LE PEN', 'JEAN-MARIE', 1.70711, 0.680701, -0.736068, -0.405554),
(184, 2002, 84, -0.746397, 0.954822, 0.325787, 3, 'CHIRAC', 'JACQUES', 'LE PEN', 'JEAN-MARIE', 0.938581, -0.640401, -0.0214811, -0.405554),
(185, 2002, 85, -0.746397, 0.954822, 0.162945, 3, 'CHIRAC', 'JACQUES', 'LE PEN', 'JEAN-MARIE', 1.01214, -0.216047, -0.401241, -0.405554),
(186, 2002, 86, -0.746397, 0.954822, -0.984703, 3, 'CHIRAC', 'JACQUES', 'LE PEN', 'JEAN-MARIE', 2.48435, -0.800535, -0.576627, -0.405554),
(187, 2002, 87, -0.746397, 0.954822, -0.744317, 3, 'CHIRAC', 'JACQUES', 'LE PEN', 'JEAN-MARIE', 2.42628, -0.624388, -0.531693, -0.405554),
(188, 2002, 88, -0.746397, 0.954822, -0.907159, 3, 'CHIRAC', 'JACQUES', 'LE PEN', 'JEAN-MARIE', 2.51339, 0.216314, -0.665044, -0.405554),
(189, 2002, 89, -0.746397, 0.954822, -0.317826, 3, 'CHIRAC', 'JACQUES', 'LE PEN', 'JEAN-MARIE', 1.50675, 0.184287, -0.211361, -0.405554),
(190, 2002, 90, -0.746397, 0.954822, -0.752072, 3, 'CHIRAC', 'JACQUES', 'LE PEN', 'JEAN-MARIE', 1.44868, -0.336147, -0.211361, -0.405554),
(191, 2002, 91, -0.746397, 0.954822, -0.51944, 3, 'CHIRAC', 'JACQUES', 'LE PEN', 'JEAN-MARIE', 1.45642, 0.760768, -0.343263, -0.405554),
(192, 2002, 92, -0.746397, 0.954822, -1.03123, 3, 'CHIRAC', 'JACQUES', 'LE PEN', 'JEAN-MARIE', 2.11945, -1.19286, -0.247598, -0.405554),
(193, 2002, 93, -0.746397, 0.954822, -0.64351, 3, 'CHIRAC', 'JACQUES', 'LE PEN', 'JEAN-MARIE', 2.40982, -1.92948, -0.222957, -0.405554),
(194, 2002, 94, -0.746397, 0.954822, 0.550665, 3, 'CHIRAC', 'JACQUES', 'LE PEN', 'JEAN-MARIE', 1.61322, -1.4811, 0.395965, -0.405554),
(195, 2002, 95, -0.746397, 0.954822, -0.542703, 3, 'CHIRAC', 'JACQUES', 'LE PEN', 'JEAN-MARIE', 2.15042, -1.62522, -0.0606167, -0.405554),
(196, 2002, 96, -0.746397, 0.954822, -0.472914, 3, 'CHIRAC', 'JACQUES', 'LE PEN', 'JEAN-MARIE', 1.88134, -1.30496, -0.0997523, -0.405554),
(197, 2002, 97, -0.746397, 0.954822, 4.676, 3, 'CHIRAC', 'JACQUES', 'LE PEN', 'JEAN-MARIE', -1.05631, -1.86542, 5.86045, -0.405554),
(198, 2002, 98, -0.746397, 0.954822, 3.37326, 3, 'CHIRAC', 'JACQUES', 'LE PEN', 'JEAN-MARIE', -0.315846, -1.76934, 4.95599, -0.405554),
(199, 2002, 99, -0.746397, 0.954822, 3.68343, 3, 'CHIRAC', 'JACQUES', 'LE PEN', 'JEAN-MARIE', -0.567506, -2.15366, 4.96323, -0.405554),
(200, 2002, 100, -0.746397, 0.954822, 5.26533, 3, 'CHIRAC', 'JACQUES', 'LE PEN', 'JEAN-MARIE', 1.90747, -1.43306, 0.988797, -0.405554),
(201, 2007, 1, -0.219529, 1.22763, -1.17856, 3, 'SARKOZY', 'Nicolas', 'ROYAL', 'Ségolène', 0.551412, -1.06476, -0.923049, -0.223054),
(202, 2007, 2, -0.219529, 1.22763, 0.442103, 3, 'SARKOZY', 'Nicolas', 'ROYAL', 'Ségolène', -0.108711, -0.952662, -0.694033, -0.223054),
(203, 2007, 3, -0.219529, 1.22763, -0.310072, 3, 'SARKOZY', 'Nicolas', 'ROYAL', 'Ségolène', -0.433932, -0.664421, -0.831733, -0.223054),
(204, 2007, 4, -0.219529, 1.22763, -0.0231598, 3, 'SARKOZY', 'Nicolas', 'ROYAL', 'Ségolène', 0.033574, -0.808542, -1.15496, -0.223054),
(205, 2007, 5, -0.219529, 1.22763, -0.472914, 3, 'SARKOZY', 'Nicolas', 'ROYAL', 'Ségolène', 0.0616437, -0.840568, -1.12308, -0.223054),
(206, 2007, 6, -0.219529, 1.22763, -0.418633, 3, 'SARKOZY', 'Nicolas', 'ROYAL', 'Ségolène', 1.09732, -1.72931, -0.688236, -0.223054),
(207, 2007, 7, -0.219529, 1.22763, -0.116212, 3, 'SARKOZY', 'Nicolas', 'ROYAL', 'Ségolène', -0.128069, -0.808542, -1.05495, -0.223054),
(208, 2007, 8, -0.219529, 1.22763, 0.496384, 3, 'SARKOZY', 'Nicolas', 'ROYAL', 'Ségolène', -0.14162, -1.03273, -0.549087, -0.223054),
(209, 2007, 9, -0.219529, 1.22763, 0.0466297, 3, 'SARKOZY', 'Nicolas', 'ROYAL', 'Ségolène', -0.983712, -0.848575, -1.1883, -0.223054),
(210, 2007, 10, -0.219529, 1.22763, -0.162739, 3, 'SARKOZY', 'Nicolas', 'ROYAL', 'Ségolène', 0.53399, -1.03273, -0.666494, -0.223054),
(211, 2007, 11, -0.219529, 1.22763, 0.426594, 3, 'SARKOZY', 'Nicolas', 'ROYAL', 'Ségolène', -0.406831, -0.888608, -1.0535, -0.223054),
(212, 2007, 12, -0.219529, 1.22763, -1.1553, 3, 'SARKOZY', 'Nicolas', 'ROYAL', 'Ségolène', -0.102903, -0.776515, -1.31875, -0.223054),
(213, 2007, 13, -0.219529, 1.22763, 0.581682, 3, 'SARKOZY', 'Nicolas', 'ROYAL', 'Ségolène', 0.331694, -1.45708, -0.799845, -0.223054),
(214, 2007, 14, -0.219529, 1.22763, -0.302318, 3, 'SARKOZY', 'Nicolas', 'ROYAL', 'Ségolène', -0.171626, -1.21688, -0.94914, -0.223054),
(215, 2007, 15, -0.219529, 1.22763, -0.992458, 3, 'SARKOZY', 'Nicolas', 'ROYAL', 'Ségolène', 0.218447, -1.12881, -1.03611, -0.223054),
(216, 2007, 16, -0.219529, 1.22763, -0.255791, 3, 'SARKOZY', 'Nicolas', 'ROYAL', 'Ségolène', -0.515238, -1.1208, -0.910004, -0.223054),
(217, 2007, 17, -0.219529, 1.22763, -0.131721, 3, 'SARKOZY', 'Nicolas', 'ROYAL', 'Ségolène', -0.126133, -1.20888, -0.917251, -0.223054),
(218, 2007, 18, -0.219529, 1.22763, -0.434142, 3, 'SARKOZY', 'Nicolas', 'ROYAL', 'Ségolène', -0.317782, -0.600368, -0.591121, -0.223054),
(219, 2007, 19, -0.219529, 1.22763, -1.06225, 3, 'SARKOZY', 'Nicolas', 'ROYAL', 'Ségolène', -0.451355, -0.552328, -1.24628, -0.223054),
(220, 2007, 20, -0.219529, 1.22763, -0.403125, 3, 'SARKOZY', 'Nicolas', 'ROYAL', 'Ségolène', 0.233934, -1.54516, 0.151005, -0.223054),
(221, 2007, 21, -0.219529, 1.22763, -0.00765099, 3, 'SARKOZY', 'Nicolas', 'ROYAL', 'Ségolène', 0.0655154, -1.61722, 0.0640374, -0.223054),
(222, 2007, 22, -0.219529, 1.22763, -0.705545, 3, 'SARKOZY', 'Nicolas', 'ROYAL', 'Ségolène', 0.237806, -0.976682, -1.03611, -0.223054),
(223, 2007, 23, -0.219529, 1.22763, -0.721054, 3, 'SARKOZY', 'Nicolas', 'ROYAL', 'Ségolène', -0.592672, -1.33698, -1.31875, -0.223054),
(224, 2007, 24, -0.219529, 1.22763, -0.550458, 3, 'SARKOZY', 'Nicolas', 'ROYAL', 'Ségolène', -0.590736, -0.840568, -0.815789, -0.223054),
(225, 2007, 25, -0.219529, 1.22763, -0.379861, 3, 'SARKOZY', 'Nicolas', 'ROYAL', 'Ségolène', -0.4349, -0.840568, -1.34629, -0.223054),
(226, 2007, 26, -0.219529, 1.22763, -0.434142, 3, 'SARKOZY', 'Nicolas', 'ROYAL', 'Ségolène', 0.21264, -0.792528, -1.07524, -0.223054),
(227, 2007, 27, -0.219529, 1.22763, -0.0851948, 3, 'SARKOZY', 'Nicolas', 'ROYAL', 'Ségolène', 0.111008, -0.944655, -0.970882, -0.223054),
(228, 2007, 28, -0.219529, 1.22763, -0.364353, 3, 'SARKOZY', 'Nicolas', 'ROYAL', 'Ségolène', 0.262972, -1.02472, -0.836081, -0.223054),
(229, 2007, 29, -0.219529, 1.22763, -0.64351, 3, 'SARKOZY', 'Nicolas', 'ROYAL', 'Ségolène', 0.306528, -1.01672, -0.788249, -0.223054),
(230, 2007, 30, -0.219529, 1.22763, -0.527195, 3, 'SARKOZY', 'Nicolas', 'ROYAL', 'Ségolène', -0.503623, -1.29695, -1.16656, -0.223054),
(231, 2007, 31, -0.219529, 1.22763, 0.697998, 3, 'SARKOZY', 'Nicolas', 'ROYAL', 'Ségolène', 0.223287, -0.992695, -0.998421, -0.223054),
(232, 2007, 32, -0.219529, 1.22763, -0.162739, 3, 'SARKOZY', 'Nicolas', 'ROYAL', 'Ségolène', -0.587832, -1.21688, -1.07234, -0.223054),
(233, 2007, 33, -0.219529, 1.22763, -0.953686, 3, 'SARKOZY', 'Nicolas', 'ROYAL', 'Ségolène', -0.358435, -0.752495, -1.37673, -0.223054),
(234, 2007, 34, -0.219529, 1.22763, -0.263546, 3, 'SARKOZY', 'Nicolas', 'ROYAL', 'Ségolène', -0.372953, -1.06476, -1.07379, -0.223054),
(235, 2007, 35, -0.219529, 1.22763, 0.697998, 3, 'SARKOZY', 'Nicolas', 'ROYAL', 'Ségolène', 0.0548683, -1.29695, -0.938993, -0.223054),
(236, 2007, 36, -0.219529, 1.22763, -0.868387, 3, 'SARKOZY', 'Nicolas', 'ROYAL', 'Ségolène', -0.387472, -1.15283, -1.1825, -0.223054),
(237, 2007, 37, -0.219529, 1.22763, -0.635756, 3, 'SARKOZY', 'Nicolas', 'ROYAL', 'Ségolène', -0.361338, -0.288107, -0.876666, -0.223054),
(238, 2007, 38, -0.219529, 1.22763, -0.659019, 3, 'SARKOZY', 'Nicolas', 'ROYAL', 'Ségolène', -0.0467636, -1.04874, -0.996972, -0.223054),
(239, 2007, 39, -0.219529, 1.22763, -0.674528, 3, 'SARKOZY', 'Nicolas', 'ROYAL', 'Ségolène', -0.115486, -1.17685, -0.910004, -0.223054),
(240, 2007, 40, -0.219529, 1.22763, -0.899405, 3, 'SARKOZY', 'Nicolas', 'ROYAL', 'Ségolène', 0.120687, -0.576348, -1.03466, -0.223054),
(241, 2007, 41, -0.219529, 1.22763, -0.581475, 3, 'SARKOZY', 'Nicolas', 'ROYAL', 'Ségolène', -0.41651, -1.08878, -1.21584, -0.223054),
(242, 2007, 42, -0.219529, 1.22763, -0.635756, 3, 'SARKOZY', 'Nicolas', 'ROYAL', 'Ségolène', 0.140045, -0.616381, -0.886812, -0.223054),
(243, 2007, 43, -0.219529, 1.22763, -0.356598, 3, 'SARKOZY', 'Nicolas', 'ROYAL', 'Ségolène', -0.0138542, -0.864588, -0.736068, -0.223054),
(244, 2007, 44, -0.219529, 1.22763, -0.697791, 3, 'SARKOZY', 'Nicolas', 'ROYAL', 'Ségolène', 0.0519645, -0.440234, -1.0448, -0.223054),
(245, 2007, 45, -0.219529, 1.22763, -0.558212, 3, 'SARKOZY', 'Nicolas', 'ROYAL', 'Ségolène', -0.463938, -1.2329, -1.0448, -0.223054),
(246, 2007, 46, -0.219529, 1.22763, -0.7133, 3, 'SARKOZY', 'Nicolas', 'ROYAL', 'Ségolène', 0.364603, -0.920635, -0.876666, -0.223054),
(247, 2007, 47, -0.219529, 1.22763, -0.573721, 3, 'SARKOZY', 'Nicolas', 'ROYAL', 'Ségolène', -0.657522, -0.832562, -1.44341, -0.223054),
(248, 2007, 48, -0.219529, 1.22763, -0.286809, 3, 'SARKOZY', 'Nicolas', 'ROYAL', 'Ségolène', 0.0906814, -0.808542, -1.14192, -0.223054),
(249, 2007, 49, -0.219529, 1.22763, -1.31039, 3, 'SARKOZY', 'Nicolas', 'ROYAL', 'Ségolène', 0.279426, -0.760501, -1.27237, -0.223054),
(250, 2007, 50, -0.219529, 1.22763, -0.581475, 3, 'SARKOZY', 'Nicolas', 'ROYAL', 'Ségolène', 0.0887456, -0.744488, -1.10713, -0.223054),
(251, 2007, 51, -0.219529, 1.22763, -0.565967, 3, 'SARKOZY', 'Nicolas', 'ROYAL', 'Ségolène', 0.198121, -0.968675, -0.925948, -0.223054),
(252, 2007, 52, -0.219529, 1.22763, -0.457405, 3, 'SARKOZY', 'Nicolas', 'ROYAL', 'Ségolène', 0.228126, -0.936648, -0.396893, -0.223054),
(253, 2007, 53, -0.219529, 1.22763, -0.356598, 3, 'SARKOZY', 'Nicolas', 'ROYAL', 'Ségolène', 0.28717, -0.584354, -0.62301, -0.223054),
(254, 2007, 54, -0.219529, 1.22763, -1.21733, 3, 'SARKOZY', 'Nicolas', 'ROYAL', 'Ségolène', 0.183602, -0.864588, -1.05785, -0.223054),
(255, 2007, 55, -0.219529, 1.22763, -0.434142, 3, 'SARKOZY', 'Nicolas', 'ROYAL', 'Ségolène', -0.315846, -1.10479, -0.56793, -0.223054),
(256, 2007, 56, -0.219529, 1.22763, -0.154984, 3, 'SARKOZY', 'Nicolas', 'ROYAL', 'Ségolène', 0.17973, -0.760501, -0.75636, -0.223054),
(257, 2007, 57, -0.219529, 1.22763, -0.565967, 3, 'SARKOZY', 'Nicolas', 'ROYAL', 'Ségolène', -0.128069, -1.03273, -1.13322, -0.223054),
(258, 2007, 58, -0.219529, 1.22763, -0.263546, 3, 'SARKOZY', 'Nicolas', 'ROYAL', 'Ségolène', 0.0074401, -1.02472, -0.328768, -0.223054),
(259, 2007, 59, -0.219529, 1.22763, -0.348844, 3, 'SARKOZY', 'Nicolas', 'ROYAL', 'Ségolène', -0.578153, -0.880602, -0.759259, -0.223054),
(260, 2007, 60, -0.219529, 1.22763, 0.597191, 3, 'SARKOZY', 'Nicolas', 'ROYAL', 'Ségolène', -0.323589, -1.20888, -0.386747, -0.223054),
(261, 2007, 61, -0.219529, 1.22763, -0.434142, 3, 'SARKOZY', 'Nicolas', 'ROYAL', 'Ségolène', 0.303624, -1.06476, -0.749113, -0.223054),
(262, 2007, 62, -0.219529, 1.22763, -0.511686, 3, 'SARKOZY', 'Nicolas', 'ROYAL', 'Ségolène', 0.292977, -0.968675, -0.86507, -0.223054),
(263, 2007, 63, -0.219529, 1.22763, 0.581682, 3, 'SARKOZY', 'Nicolas', 'ROYAL', 'Ségolène', -0.57041, -0.912628, -0.565031, -0.223054),
(264, 2007, 64, -0.219529, 1.22763, -0.527195, 3, 'SARKOZY', 'Nicolas', 'ROYAL', 'Ségolène', -0.567506, -0.808542, -1.07669, -0.223054),
(265, 2007, 65, -0.219529, 1.22763, -0.604738, 3, 'SARKOZY', 'Nicolas', 'ROYAL', 'Ségolène', -0.463938, -0.560334, -1.07524, -0.223054),
(266, 2007, 66, -0.219529, 1.22763, -0.131721, 3, 'SARKOZY', 'Nicolas', 'ROYAL', 'Ségolène', -0.842396, -0.872595, -1.0564, -0.223054),
(267, 2007, 67, -0.219529, 1.22763, 0.550665, 3, 'SARKOZY', 'Nicolas', 'ROYAL', 'Ségolène', 0.143917, -1.16084, -0.844778, -0.223054),
(268, 2007, 68, -0.219529, 1.22763, -0.682282, 3, 'SARKOZY', 'Nicolas', 'ROYAL', 'Ségolène', 0.825334, -1.16084, -0.618661, -0.223054),
(269, 2007, 69, -0.219529, 1.22763, -0.286809, 3, 'SARKOZY', 'Nicolas', 'ROYAL', 'Ségolène', 0.802104, -0.976682, -0.631706, -0.223054),
(270, 2007, 70, -0.219529, 1.22763, -0.496177, 3, 'SARKOZY', 'Nicolas', 'ROYAL', 'Ségolène', 0.274587, -1.353, -0.863621, -0.223054),
(271, 2007, 71, -0.219529, 1.22763, -0.550458, 3, 'SARKOZY', 'Nicolas', 'ROYAL', 'Ségolène', 0.165211, -0.20804, -1.0535, -0.223054),
(272, 2007, 72, -0.219529, 1.22763, -0.565967, 3, 'SARKOZY', 'Nicolas', 'ROYAL', 'Ségolène', -0.138716, -0.720468, -0.73027, -0.223054),
(273, 2007, 73, -0.219529, 1.22763, -0.565967, 3, 'SARKOZY', 'Nicolas', 'ROYAL', 'Ségolène', -0.336172, -0.784522, -0.724472, -0.223054),
(274, 2007, 74, -0.219529, 1.22763, -0.868387, 3, 'SARKOZY', 'Nicolas', 'ROYAL', 'Ségolène', 0.258132, -0.976682, -0.841879, -0.223054),
(275, 2007, 75, -0.219529, 1.22763, -1.09326, 3, 'SARKOZY', 'Nicolas', 'ROYAL', 'Ségolène', 0.688857, -1.08878, -0.773754, -0.223054),
(276, 2007, 76, -0.219529, 1.22763, -0.310072, 3, 'SARKOZY', 'Nicolas', 'ROYAL', 'Ségolène', -0.200663, -1.67326, -1.02306, -0.223054),
(277, 2007, 77, -0.219529, 1.22763, -0.0541773, 3, 'SARKOZY', 'Nicolas', 'ROYAL', 'Ségolène', -0.321653, -1.15283, -0.754911, -0.223054),
(278, 2007, 78, -0.219529, 1.22763, -0.860633, 3, 'SARKOZY', 'Nicolas', 'ROYAL', 'Ségolène', 0.176826, -1.22489, -0.802743, -0.223054),
(279, 2007, 79, -0.219529, 1.22763, -0.922668, 3, 'SARKOZY', 'Nicolas', 'ROYAL', 'Ségolène', 0.457524, -1.38502, -0.995522, -0.223054),
(280, 2007, 80, -0.219529, 1.22763, -0.976949, 3, 'SARKOZY', 'Nicolas', 'ROYAL', 'Ségolène', -0.568474, -1.22489, -1.21874, -0.223054),
(281, 2007, 81, -0.219529, 1.22763, 0.193963, 3, 'SARKOZY', 'Nicolas', 'ROYAL', 'Ségolène', -0.282937, -0.984689, -0.84043, -0.223054),
(282, 2007, 82, -0.219529, 1.22763, -0.0231598, 3, 'SARKOZY', 'Nicolas', 'ROYAL', 'Ségolène', -0.243252, -0.680435, -1.29411, -0.223054),
(283, 2007, 83, -0.219529, 1.22763, -0.0774404, 3, 'SARKOZY', 'Nicolas', 'ROYAL', 'Ségolène', 0.0616437, -0.992695, -1.24338, -0.223054),
(284, 2007, 84, -0.219529, 1.22763, 0.093156, 3, 'SARKOZY', 'Nicolas', 'ROYAL', 'Ségolène', 0.908576, -1.4731, -0.760709, -0.223054),
(285, 2007, 85, -0.219529, 1.22763, 0.271507, 3, 'SARKOZY', 'Nicolas', 'ROYAL', 'Ségolène', 0.568835, -0.984689, -0.94769, -0.223054),
(286, 2007, 86, -0.219529, 1.22763, -0.953686, 3, 'SARKOZY', 'Nicolas', 'ROYAL', 'Ségolène', 0.347181, -0.800535, -1.16076, -0.223054),
(287, 2007, 87, -0.219529, 1.22763, -0.620247, 3, 'SARKOZY', 'Nicolas', 'ROYAL', 'Ségolène', -0.37005, -0.880602, -1.04046, -0.223054),
(288, 2007, 88, -0.219529, 1.22763, -0.620247, 3, 'SARKOZY', 'Nicolas', 'ROYAL', 'Ségolène', -0.748507, -0.312127, -1.15641, -0.223054),
(289, 2007, 89, -0.219529, 1.22763, -0.0541773, 3, 'SARKOZY', 'Nicolas', 'ROYAL', 'Ségolène', -0.0380523, -0.288107, -0.715775, -0.223054),
(290, 2007, 90, -0.219529, 1.22763, -0.503931, 3, 'SARKOZY', 'Nicolas', 'ROYAL', 'Ségolène', 0.297817, -0.792528, -0.701281, -0.223054),
(291, 2007, 91, -0.219529, 1.22763, 0.108665, 3, 'SARKOZY', 'Nicolas', 'ROYAL', 'Ségolène', 0.046157, -0.416214, -0.898408, -0.223054),
(292, 2007, 92, -0.219529, 1.22763, -0.992458, 3, 'SARKOZY', 'Nicolas', 'ROYAL', 'Ségolène', -0.0970955, -1.2409, -0.959286, -0.223054),
(293, 2007, 93, -0.219529, 1.22763, -0.666773, 3, 'SARKOZY', 'Nicolas', 'ROYAL', 'Ségolène', 0.201992, -1.46509, -0.956387, -0.223054),
(294, 2007, 94, -0.219529, 1.22763, 0.54291, 3, 'SARKOZY', 'Nicolas', 'ROYAL', 'Ségolène', -0.901439, -1.81738, -0.456321, -0.223054),
(295, 2007, 95, -0.219529, 1.22763, -0.457405, 3, 'SARKOZY', 'Nicolas', 'ROYAL', 'Ségolène', -0.330365, -1.49712, -0.760709, -0.223054),
(296, 2007, 96, -0.219529, 1.22763, -0.224774, 3, 'SARKOZY', 'Nicolas', 'ROYAL', 'Ségolène', -0.125165, -1.46509, -0.786799, -0.223054),
(297, 2007, 97, -0.219529, 1.22763, 4.676, 3, 'SARKOZY', 'Nicolas', 'ROYAL', 'Ségolène', -1.30506, -1.19286, 2.00342, -0.223054),
(298, 2007, 98, -0.219529, 1.22763, 3.37326, 3, 'SARKOZY', 'Nicolas', 'ROYAL', 'Ségolène', -1.8713, -1.27293, 1.95994, -0.223054),
(299, 2007, 99, -0.219529, 1.22763, 3.68343, 3, 'SARKOZY', 'Nicolas', 'ROYAL', 'Ségolène', -1.12019, -2.03356, 2.29477, -0.223054),
(300, 2007, 100, -0.219529, 1.22763, 5.26533, 3, 'SARKOZY', 'Nicolas', 'ROYAL', 'Ségolène', -1.62544, -1.89745, 0.306098, -0.223054),
(301, 2012, 1, 0.30734, -1.60956, -0.581475, 1, 'HOLLANDE', 'François', 'SARKOZY', 'Nicolas', -1.02727, -0.0399, -0.524446, -0.344721),
(302, 2012, 2, 0.30734, -1.60956, 1.53547, 1, 'HOLLANDE', 'François', 'SARKOZY', 'Nicolas', -0.463938, 0.480534, -0.147585, -0.344721),
(303, 2012, 3, 0.30734, -1.60956, 0.341296, 1, 'HOLLANDE', 'François', 'SARKOZY', 'Nicolas', -0.0380523, 0.656681, -0.450523, -0.344721),
(304, 2012, 4, 0.30734, -1.60956, 0.581682, 1, 'HOLLANDE', 'François', 'SARKOZY', 'Nicolas', -0.387472, 0.288374, -0.62301, -0.344721),
(305, 2012, 5, 0.30734, -1.60956, -0.0464229, 1, 'HOLLANDE', 'François', 'SARKOZY', 'Nicolas', -0.410702, 0.512561, -0.630257, -0.344721),
(306, 2012, 6, 0.30734, -1.60956, 0.178454, 1, 'HOLLANDE', 'François', 'SARKOZY', 'Nicolas', -1.61673, -0.776515, -0.156281, -0.344721),
(307, 2012, 7, 0.30734, -1.60956, 0.403331, 1, 'HOLLANDE', 'François', 'SARKOZY', 'Nicolas', -0.21615, 0.592628, -0.651999, -0.344721),
(308, 2012, 8, 0.30734, -1.60956, 0.961647, 1, 'HOLLANDE', 'François', 'SARKOZY', 'Nicolas', -0.530725, 0.192294, -0.0113348, -0.344721),
(309, 2012, 9, 0.30734, -1.60956, 0.884103, 1, 'HOLLANDE', 'François', 'SARKOZY', 'Nicolas', 0.692729, 0.408474, -0.754911, -0.344721),
(310, 2012, 10, 0.30734, -1.60956, 0.635963, 1, 'HOLLANDE', 'François', 'SARKOZY', 'Nicolas', -1.13761, 0.488541, -0.264991, -0.344721),
(311, 2012, 11, 0.30734, -1.60956, 1.34161, 1, 'HOLLANDE', 'François', 'SARKOZY', 'Nicolas', -0.0235334, 0.712728, -0.62301, -0.344721),
(312, 2012, 12, 0.30734, -1.60956, -0.58923, 1, 'HOLLANDE', 'François', 'SARKOZY', 'Nicolas', -0.028373, 0.424488, -0.934645, -0.344721),
(313, 2012, 13, 0.30734, -1.60956, 0.969401, 1, 'HOLLANDE', 'François', 'SARKOZY', 'Nicolas', -0.759154, -0.496281, -0.236002, -0.344721),
(314, 2012, 14, 0.30734, -1.60956, 0.209472, 1, 'HOLLANDE', 'François', 'SARKOZY', 'Nicolas', -0.199695, -0.328141, -0.601268, -0.344721),
(315, 2012, 15, 0.30734, -1.60956, -0.705545, 1, 'HOLLANDE', 'François', 'SARKOZY', 'Nicolas', -0.288744, 0.112227, -0.712876, -0.344721),
(316, 2012, 16, 0.30734, -1.60956, 0.411086, 1, 'HOLLANDE', 'François', 'SARKOZY', 'Nicolas', 0.130366, 0.248341, -0.436028, -0.344721),
(317, 2012, 17, 0.30734, -1.60956, 0.349051, 1, 'HOLLANDE', 'François', 'SARKOZY', 'Nicolas', -0.391344, -0.0399, -0.441826, -0.344721),
(318, 2012, 18, 0.30734, -1.60956, 0.310279, 1, 'HOLLANDE', 'François', 'SARKOZY', 'Nicolas', -0.363274, 0.648675, -0.127292, -0.344721),
(319, 2012, 19, 0.30734, -1.60956, -0.372107, 1, 'HOLLANDE', 'François', 'SARKOZY', 'Nicolas', 0.867923, -0.192027, -1.02161, -0.344721),
(320, 2012, 20, 0.30734, -1.60956, -0.0154054, 1, 'HOLLANDE', 'François', 'SARKOZY', 'Nicolas', -1.32345, -0.560334, 0.51772, -0.344721),
(321, 2012, 21, 0.30734, -1.60956, 0.201717, 1, 'HOLLANDE', 'François', 'SARKOZY', 'Nicolas', -1.04372, -0.728475, 0.35538, -0.344721),
(322, 2012, 22, 0.30734, -1.60956, -0.201511, 1, 'HOLLANDE', 'François', 'SARKOZY', 'Nicolas', -0.573313, -0.06392, -0.59547, -0.344721),
(323, 2012, 23, 0.30734, -1.60956, -0.14723, 1, 'HOLLANDE', 'François', 'SARKOZY', 'Nicolas', 0.415903, -0.304121, -0.989725, -0.344721),
(324, 2012, 24, 0.30734, -1.60956, 0.217226, 1, 'HOLLANDE', 'François', 'SARKOZY', 'Nicolas', 0.329758, 0.576615, -0.585323, -0.344721),
(325, 2012, 25, 0.30734, -1.60956, 0.480875, 1, 'HOLLANDE', 'François', 'SARKOZY', 'Nicolas', 0.340405, 0.504555, -0.957836, -0.344721),
(326, 2012, 26, 0.30734, -1.60956, 0.0543841, 1, 'HOLLANDE', 'François', 'SARKOZY', 'Nicolas', -0.627517, 0.280367, -0.573728, -0.344721),
(327, 2012, 27, 0.30734, -1.60956, 0.496384, 1, 'HOLLANDE', 'François', 'SARKOZY', 'Nicolas', -0.554923, 0.208307, -0.531693, -0.344721),
(328, 2012, 28, 0.30734, -1.60956, 0.41884, 1, 'HOLLANDE', 'François', 'SARKOZY', 'Nicolas', -0.748507, 0.208307, -0.309925, -0.344721),
(329, 2012, 29, 0.30734, -1.60956, 0.108665, 1, 'HOLLANDE', 'François', 'SARKOZY', 'Nicolas', -0.819166, 0.000133445, -0.286733, -0.344721),
(330, 2012, 30, 0.30734, -1.60956, -0.069686, 1, 'HOLLANDE', 'François', 'SARKOZY', 'Nicolas', 0.321047, -0.528308, -0.775204, -0.344721),
(331, 2012, 31, 0.30734, -1.60956, 1.19428, 1, 'HOLLANDE', 'François', 'SARKOZY', 'Nicolas', -0.603319, 0.416481, -0.508502, -0.344721),
(332, 2012, 32, 0.30734, -1.60956, 0.310279, 1, 'HOLLANDE', 'François', 'SARKOZY', 'Nicolas', 0.197153, -0.320134, -0.511401, -0.344721),
(333, 2012, 33, 0.30734, -1.60956, -0.426388, 1, 'HOLLANDE', 'François', 'SARKOZY', 'Nicolas', 0.162308, 0.472528, -0.994073, -0.344721),
(334, 2012, 34, 0.30734, -1.60956, 0.279261, 1, 'HOLLANDE', 'François', 'SARKOZY', 'Nicolas', 0.0548683, -0.13598, -0.602717, -0.344721),
(335, 2012, 35, 0.30734, -1.60956, 1.47344, 1, 'HOLLANDE', 'François', 'SARKOZY', 'Nicolas', -0.412638, -0.0318933, -0.436028, -0.344721),
(336, 2012, 36, 0.30734, -1.60956, -0.302318, 1, 'HOLLANDE', 'François', 'SARKOZY', 'Nicolas', 0.0626117, -0.496281, -0.743315, -0.344721),
(337, 2012, 37, 0.30734, -1.60956, 0.0311209, 1, 'HOLLANDE', 'François', 'SARKOZY', 'Nicolas', -0.154203, 0.808808, -0.408489, -0.344721),
(338, 2012, 38, 0.30734, -1.60956, -0.0929492, 1, 'HOLLANDE', 'François', 'SARKOZY', 'Nicolas', -0.379729, -0.192027, -0.521547, -0.344721),
(339, 2012, 39, 0.30734, -1.60956, -0.209265, 1, 'HOLLANDE', 'François', 'SARKOZY', 'Nicolas', -0.349723, -0.312127, -0.392544, -0.344721),
(340, 2012, 40, 0.30734, -1.60956, -0.503931, 1, 'HOLLANDE', 'François', 'SARKOZY', 'Nicolas', -0.535564, 0.736748, -0.631706, -0.344721),
(341, 2012, 41, 0.30734, -1.60956, 0.0311209, 1, 'HOLLANDE', 'François', 'SARKOZY', 'Nicolas', 0.144885, 0.0721936, -0.804193, -0.344721),
(342, 2012, 42, 0.30734, -1.60956, -0.108458, 1, 'HOLLANDE', 'François', 'SARKOZY', 'Nicolas', -0.703983, 0.448508, -0.48676, -0.344721),
(343, 2012, 43, 0.30734, -1.60956, 0.240489, 1, 'HOLLANDE', 'François', 'SARKOZY', 'Nicolas', -0.522981, 0.240334, -0.338914, -0.344721),
(344, 2012, 44, 0.30734, -1.60956, -0.255791, 1, 'HOLLANDE', 'François', 'SARKOZY', 'Nicolas', -0.378761, 1.17712, -0.738967, -0.344721),
(345, 2012, 45, 0.30734, -1.60956, -0.232528, 1, 'HOLLANDE', 'François', 'SARKOZY', 'Nicolas', 0.0848739, -0.504288, -0.670842, -0.344721),
(346, 2012, 46, 0.30734, -1.60956, 0.139682, 1, 'HOLLANDE', 'François', 'SARKOZY', 'Nicolas', -0.839492, 0.184287, -0.386747, -0.344721),
(347, 2012, 47, 0.30734, -1.60956, 0.139682, 1, 'HOLLANDE', 'François', 'SARKOZY', 'Nicolas', 0.612392, 0.304387, -1.06075, -0.344721),
(348, 2012, 48, 0.30734, -1.60956, 0.310279, 1, 'HOLLANDE', 'François', 'SARKOZY', 'Nicolas', -0.363274, 0.728742, -0.708528, -0.344721),
(349, 2012, 49, 0.30734, -1.60956, -0.945931, 1, 'HOLLANDE', 'François', 'SARKOZY', 'Nicolas', -0.376825, 0.648675, -0.972331, -0.344721),
(350, 2012, 50, 0.30734, -1.60956, -0.0309141, 1, 'HOLLANDE', 'François', 'SARKOZY', 'Nicolas', -0.517174, -0.0559133, -0.67664, -0.344721),
(351, 2012, 51, 0.30734, -1.60956, -0.232528, 1, 'HOLLANDE', 'François', 'SARKOZY', 'Nicolas', -0.46781, -0.103953, -0.575177, -0.344721),
(352, 2012, 52, 0.30734, -1.60956, 0.1707, 1, 'HOLLANDE', 'François', 'SARKOZY', 'Nicolas', -1.05921, -0.0238866, 0.0654869, -0.344721),
(353, 2012, 53, 0.30734, -1.60956, 0.155191, 1, 'HOLLANDE', 'François', 'SARKOZY', 'Nicolas', -0.978873, 0.784788, -0.134539, -0.344721),
(354, 2012, 54, 0.30734, -1.60956, -0.721054, 1, 'HOLLANDE', 'François', 'SARKOZY', 'Nicolas', -0.673977, 0.15226, -0.680988, -0.344721),
(355, 2012, 55, 0.30734, -1.60956, 0.248244, 1, 'HOLLANDE', 'François', 'SARKOZY', 'Nicolas', -0.412638, -0.0559133, -0.0620661, -0.344721),
(356, 2012, 56, 0.30734, -1.60956, 0.442103, 1, 'HOLLANDE', 'François', 'SARKOZY', 'Nicolas', -0.879177, 0.872862, -0.328768, -0.344721),
(357, 2012, 57, 0.30734, -1.60956, -0.0774404, 1, 'HOLLANDE', 'François', 'SARKOZY', 'Nicolas', -0.260674, -0.0959468, -0.772305, -0.344721),
(358, 2012, 58, 0.30734, -1.60956, 0.364559, 1, 'HOLLANDE', 'François', 'SARKOZY', 'Nicolas', -0.967258, 0.0561802, 0.174197, -0.344721),
(359, 2012, 59, 0.30734, -1.60956, 0.302524, 1, 'HOLLANDE', 'François', 'SARKOZY', 'Nicolas', 0.0548683, 0.360434, -0.26789, -0.344721),
(360, 2012, 60, 0.30734, -1.60956, 1.26407, 1, 'HOLLANDE', 'François', 'SARKOZY', 'Nicolas', -0.516206, -0.11196, 0.204636, -0.344721),
(361, 2012, 61, 0.30734, -1.60956, 0.287016, 1, 'HOLLANDE', 'François', 'SARKOZY', 'Nicolas', -0.804647, 0.312394, -0.199765, -0.344721),
(362, 2012, 62, 0.30734, -1.60956, 0.0854016, 1, 'HOLLANDE', 'François', 'SARKOZY', 'Nicolas', -0.720437, 0.432494, -0.54039, -0.344721),
(363, 2012, 63, 0.30734, -1.60956, 1.30284, 1, 'HOLLANDE', 'François', 'SARKOZY', 'Nicolas', -0.233573, 0.576615, -0.0490209, -0.344721),
(364, 2012, 64, 0.30734, -1.60956, -0.100704, 1, 'HOLLANDE', 'François', 'SARKOZY', 'Nicolas', 0.325887, 0.408474, -0.646201, -0.344721),
(365, 2012, 65, 0.30734, -1.60956, -0.178247, 1, 'HOLLANDE', 'François', 'SARKOZY', 'Nicolas', 0.0800343, 0.216314, -0.633156, -0.344721),
(366, 2012, 66, 0.30734, -1.60956, 0.628208, 1, 'HOLLANDE', 'François', 'SARKOZY', 'Nicolas', 0.480754, 0.200301, -0.618661, -0.344721),
(367, 2012, 67, 0.30734, -1.60956, 1.55873, 1, 'HOLLANDE', 'François', 'SARKOZY', 'Nicolas', -0.502655, 0.464521, -0.420084, -0.344721),
(368, 2012, 68, 0.30734, -1.60956, -0.131721, 1, 'HOLLANDE', 'François', 'SARKOZY', 'Nicolas', -1.57802, -0.384187, -0.124393, -0.344721),
(369, 2012, 69, 0.30734, -1.60956, 0.201717, 1, 'HOLLANDE', 'François', 'SARKOZY', 'Nicolas', -1.59544, 0.10422, -0.108449, -0.344721),
(370, 2012, 70, 0.30734, -1.60956, 0.0388753, 1, 'HOLLANDE', 'François', 'SARKOZY', 'Nicolas', -0.659458, -0.976682, -0.273688, -0.344721),
(371, 2012, 71, 0.30734, -1.60956, 0.201717, 1, 'HOLLANDE', 'François', 'SARKOZY', 'Nicolas', -0.574281, 1.55343, -0.611414, -0.344721);
INSERT INTO `elections` (`id`, `annee`, `departement_id`, `moyenne_age`, `moyenne_pouvoir_achat`, `taux_chomage`, `type_de_position`, `nom_gagnant`, `prenom_gagnant`, `nom_perdant`, `prenom_perdant`, `pourcentage_vote_gagnant`, `pourcentage_vote_blanc`, `pourcentage_abstention`, `temperature_moyenne`) VALUES
(372, 2012, 72, 0.30734, -1.60956, 0.0621385, 1, 'HOLLANDE', 'François', 'SARKOZY', 'Nicolas', -0.458131, 0.544588, -0.291082, -0.344721),
(373, 2012, 73, 0.30734, -1.60956, 0.108665, 1, 'HOLLANDE', 'François', 'SARKOZY', 'Nicolas', -0.377793, 0.472528, -0.338914, -0.344721),
(374, 2012, 74, 0.30734, -1.60956, -0.348844, 1, 'HOLLANDE', 'François', 'SARKOZY', 'Nicolas', -0.734956, 0.120234, -0.450523, -0.344721),
(375, 2012, 75, 0.30734, -1.60956, -0.496177, 1, 'HOLLANDE', 'François', 'SARKOZY', 'Nicolas', -1.28764, -0.352161, -0.299779, -0.344721),
(376, 2012, 76, 0.30734, -1.60956, -0.217019, 1, 'HOLLANDE', 'François', 'SARKOZY', 'Nicolas', 0.0722909, -1.88944, -0.538941, -0.344721),
(377, 2012, 77, 0.30734, -1.60956, 0.635963, 1, 'HOLLANDE', 'François', 'SARKOZY', 'Nicolas', -0.204535, -0.0399, -0.262093, -0.344721),
(378, 2012, 78, 0.30734, -1.60956, -0.379861, 1, 'HOLLANDE', 'François', 'SARKOZY', 'Nicolas', -0.63526, -0.304121, -0.179473, -0.344721),
(379, 2012, 79, 0.30734, -1.60956, -0.58923, 1, 'HOLLANDE', 'François', 'SARKOZY', 'Nicolas', -0.774641, -1.09678, -0.43168, -0.344721),
(380, 2012, 80, 0.30734, -1.60956, -0.434142, 1, 'HOLLANDE', 'François', 'SARKOZY', 'Nicolas', 0.140045, -0.0158799, -0.709978, -0.344721),
(381, 2012, 81, 0.30734, -1.60956, 0.907366, 1, 'HOLLANDE', 'François', 'SARKOZY', 'Nicolas', -0.221957, 0.448508, -0.408489, -0.344721),
(382, 2012, 82, 0.30734, -1.60956, 0.573928, 1, 'HOLLANDE', 'François', 'SARKOZY', 'Nicolas', 0.0122797, 0.752762, -0.867969, -0.344721),
(383, 2012, 83, 0.30734, -1.60956, 0.511893, 1, 'HOLLANDE', 'François', 'SARKOZY', 'Nicolas', -0.324557, 0.464521, -0.795496, -0.344721),
(384, 2012, 84, 0.30734, -1.60956, 0.519647, 1, 'HOLLANDE', 'François', 'SARKOZY', 'Nicolas', -1.47638, -0.408207, -0.292531, -0.344721),
(385, 2012, 85, 0.30734, -1.60956, 1.01593, 1, 'HOLLANDE', 'François', 'SARKOZY', 'Nicolas', -1.00501, 0.144254, -0.425882, -0.344721),
(386, 2012, 86, 0.30734, -1.60956, -0.325581, 1, 'HOLLANDE', 'François', 'SARKOZY', 'Nicolas', -0.815294, 0.00814013, -0.831733, -0.344721),
(387, 2012, 87, 0.30734, -1.60956, -0.162739, 1, 'HOLLANDE', 'François', 'SARKOZY', 'Nicolas', 0.0413174, 0.0641869, -0.495457, -0.344721),
(388, 2012, 88, 0.30734, -1.60956, 0.147437, 1, 'HOLLANDE', 'François', 'SARKOZY', 'Nicolas', 0.623039, 0.664688, -0.765057, -0.344721),
(389, 2012, 89, 0.30734, -1.60956, 0.713507, 1, 'HOLLANDE', 'François', 'SARKOZY', 'Nicolas', -0.680753, 1.34526, -0.382398, -0.344721),
(390, 2012, 90, 0.30734, -1.60956, 0.232735, 1, 'HOLLANDE', 'François', 'SARKOZY', 'Nicolas', -0.83562, 0.440501, -0.228755, -0.344721),
(391, 2012, 91, 0.30734, -1.60956, 0.589436, 1, 'HOLLANDE', 'François', 'SARKOZY', 'Nicolas', -0.594608, 0.952929, -0.250497, -0.344721),
(392, 2012, 92, 0.30734, -1.60956, -0.558212, 1, 'HOLLANDE', 'François', 'SARKOZY', 'Nicolas', -0.248091, -0.568341, -0.354858, -0.344721),
(393, 2012, 93, 0.30734, -1.60956, -0.410879, 1, 'HOLLANDE', 'François', 'SARKOZY', 'Nicolas', -0.449419, -1.353, -0.498356, -0.344721),
(394, 2012, 94, 0.30734, -1.60956, 1.03144, 1, 'HOLLANDE', 'François', 'SARKOZY', 'Nicolas', 0.360732, -1.2409, 0.414808, -0.344721),
(395, 2012, 95, 0.30734, -1.60956, -0.154984, 1, 'HOLLANDE', 'François', 'SARKOZY', 'Nicolas', -0.0525711, -1.1128, -0.167877, -0.344721),
(396, 2012, 96, 0.30734, -1.60956, 0.22498, 1, 'HOLLANDE', 'François', 'SARKOZY', 'Nicolas', -0.279065, -0.880602, -0.112797, -0.344721),
(397, 2012, 97, 0.30734, -1.60956, 4.676, 1, 'HOLLANDE', 'François', 'SARKOZY', 'Nicolas', -0.237444, -0.432227, 2.4861, -0.344721),
(398, 2012, 98, 0.30734, -1.60956, 3.37326, 1, 'HOLLANDE', 'François', 'SARKOZY', 'Nicolas', -0.592672, -0.408207, 2.82962, -0.344721),
(399, 2012, 99, 0.30734, -1.60956, 3.68343, 1, 'HOLLANDE', 'François', 'SARKOZY', 'Nicolas', -1.00501, -1.52114, 3.20213, -0.344721),
(400, 2012, 100, 0.30734, -1.60956, 5.26533, 1, 'HOLLANDE', 'François', 'SARKOZY', 'Nicolas', 0.53399, -1.07276, 0.933717, -0.344721),
(401, 2017, 1, 0.834208, 0.136403, -0.612493, 2, 'MACRON', 'Emmanuel', 'LE PEN', 'Marine', -0.209375, 1.55343, 0.245221, 1.3586),
(402, 2017, 2, 0.834208, 0.136403, 1.31835, 2, 'MACRON', 'Emmanuel', 'LE PEN', 'Marine', -1.18407, 0.864855, 0.500327, 1.3586),
(403, 2017, 3, 0.834208, 0.136403, 0.302524, 2, 'MACRON', 'Emmanuel', 'LE PEN', 'Marine', -0.184209, 1.96177, 0.390167, 1.3586),
(404, 2017, 4, 0.834208, 0.136403, 0.6127, 2, 'MACRON', 'Emmanuel', 'LE PEN', 'Marine', -0.504591, 2.1219, 0.352481, 1.3586),
(405, 2017, 5, 0.834208, 0.136403, -0.0154054, 2, 'MACRON', 'Emmanuel', 'LE PEN', 'Marine', -0.0961276, 2.31406, 0.282907, 1.3586),
(406, 2017, 6, 0.834208, 0.136403, 0.341296, 2, 'MACRON', 'Emmanuel', 'LE PEN', 'Marine', -0.716566, 1.01698, 0.778624, 1.3586),
(407, 2017, 7, 0.834208, 0.136403, 0.41884, 2, 'MACRON', 'Emmanuel', 'LE PEN', 'Marine', -0.191952, 2.3541, 0.168399, 1.3586),
(408, 2017, 8, 0.834208, 0.136403, 0.721261, 2, 'MACRON', 'Emmanuel', 'LE PEN', 'Marine', -1.04566, 1.26519, 0.720646, 1.3586),
(409, 2017, 9, 0.834208, 0.136403, 0.853085, 2, 'MACRON', 'Emmanuel', 'LE PEN', 'Marine', -0.298423, 2.90656, 0.295952, 1.3586),
(410, 2017, 10, 0.834208, 0.136403, 1.00042, 2, 'MACRON', 'Emmanuel', 'LE PEN', 'Marine', -0.653651, 1.36127, 0.24812, 1.3586),
(411, 2017, 11, 0.834208, 0.136403, 1.21754, 2, 'MACRON', 'Emmanuel', 'LE PEN', 'Marine', -0.672041, 1.92174, 0.287255, 1.3586),
(412, 2017, 12, 0.834208, 0.136403, -0.558212, 2, 'MACRON', 'Emmanuel', 'LE PEN', 'Marine', 0.597873, 2.12991, -0.0852576, 1.3586),
(413, 2017, 13, 0.834208, 0.136403, 0.798805, 2, 'MACRON', 'Emmanuel', 'LE PEN', 'Marine', -0.584928, 0.784788, 0.851098, 1.3586),
(414, 2017, 14, 0.834208, 0.136403, -0.0154054, 2, 'MACRON', 'Emmanuel', 'LE PEN', 'Marine', 0.238774, 1.12908, 0.172747, 1.3586),
(415, 2017, 15, 0.834208, 0.136403, -0.953686, 2, 'MACRON', 'Emmanuel', 'LE PEN', 'Marine', 0.314271, 2.16194, 0.120567, 1.3586),
(416, 2017, 16, 0.834208, 0.136403, 0.0621385, 2, 'MACRON', 'Emmanuel', 'LE PEN', 'Marine', -0.0206296, 1.44934, 0.375673, 1.3586),
(417, 2017, 17, 0.834208, 0.136403, 0.232735, 2, 'MACRON', 'Emmanuel', 'LE PEN', 'Marine', -0.00901458, 1.65752, 0.298851, 1.3586),
(418, 2017, 18, 0.834208, 0.136403, 0.310279, 2, 'MACRON', 'Emmanuel', 'LE PEN', 'Marine', -0.433932, 2.32207, 0.672813, 1.3586),
(419, 2017, 19, 0.834208, 0.136403, -0.39537, 2, 'MACRON', 'Emmanuel', 'LE PEN', 'Marine', 0.345245, 2.53825, -0.0142338, 1.3586),
(420, 2017, 20, 0.834208, 0.136403, 0.116419, 2, 'MACRON', 'Emmanuel', 'LE PEN', 'Marine', -1.48316, 0.144254, 2.13243, 1.3586),
(421, 2017, 21, 0.834208, 0.136403, 0.302524, 2, 'MACRON', 'Emmanuel', 'LE PEN', 'Marine', -1.48897, 0.416481, 2.29766, 1.3586),
(422, 2017, 22, 0.834208, 0.136403, -0.286809, 2, 'MACRON', 'Emmanuel', 'LE PEN', 'Marine', 0.0306702, 1.91373, 0.104622, 1.3586),
(423, 2017, 23, 0.834208, 0.136403, -0.123967, 2, 'MACRON', 'Emmanuel', 'LE PEN', 'Marine', 0.776938, 1.76961, -0.212811, 1.3586),
(424, 2017, 24, 0.834208, 0.136403, -0.0619317, 2, 'MACRON', 'Emmanuel', 'LE PEN', 'Marine', -0.175497, 2.70639, 0.38292, 1.3586),
(425, 2017, 25, 0.834208, 0.136403, 0.287016, 2, 'MACRON', 'Emmanuel', 'LE PEN', 'Marine', -0.0748333, 2.41015, 0.0364976, 1.3586),
(426, 2017, 26, 0.834208, 0.136403, -0.14723, 2, 'MACRON', 'Emmanuel', 'LE PEN', 'Marine', -0.0941917, 1.66552, 0.330739, 1.3586),
(427, 2017, 27, 0.834208, 0.136403, 0.434349, 2, 'MACRON', 'Emmanuel', 'LE PEN', 'Marine', -0.115486, 1.72157, 0.22058, 1.3586),
(428, 2017, 28, 0.834208, 0.136403, 0.240489, 2, 'MACRON', 'Emmanuel', 'LE PEN', 'Marine', -0.657522, 1.46536, 0.298851, 1.3586),
(429, 2017, 29, 0.834208, 0.136403, 0.0388753, 2, 'MACRON', 'Emmanuel', 'LE PEN', 'Marine', -0.323589, 1.48938, 0.423505, 1.3586),
(430, 2017, 30, 0.834208, 0.136403, -0.162739, 2, 'MACRON', 'Emmanuel', 'LE PEN', 'Marine', 0.951164, 1.94576, 0.0335986, 1.3586),
(431, 2017, 31, 0.834208, 0.136403, 1.17877, 2, 'MACRON', 'Emmanuel', 'LE PEN', 'Marine', -0.745603, 1.56944, 0.514821, 1.3586),
(432, 2017, 32, 0.834208, 0.136403, 0.147437, 2, 'MACRON', 'Emmanuel', 'LE PEN', 'Marine', 0.406224, 1.34526, 0.524968, 1.3586),
(433, 2017, 33, 0.834208, 0.136403, -0.46516, 2, 'MACRON', 'Emmanuel', 'LE PEN', 'Marine', 0.258132, 2.38613, -0.236002, 1.3586),
(434, 2017, 34, 0.834208, 0.136403, 0.201717, 2, 'MACRON', 'Emmanuel', 'LE PEN', 'Marine', 0.337502, 1.3933, 0.359729, 1.3586),
(435, 2017, 35, 0.834208, 0.136403, 1.31059, 2, 'MACRON', 'Emmanuel', 'LE PEN', 'Marine', -0.475553, 1.53742, 0.580047, 1.3586),
(436, 2017, 36, 0.834208, 0.136403, -0.472914, 2, 'MACRON', 'Emmanuel', 'LE PEN', 'Marine', 1.09345, 1.04901, -0.0446726, 1.3586),
(437, 2017, 37, 0.834208, 0.136403, 0.116419, 2, 'MACRON', 'Emmanuel', 'LE PEN', 'Marine', -0.381665, 1.93775, 0.394516, 1.3586),
(438, 2017, 38, 0.834208, 0.136403, -0.069686, 2, 'MACRON', 'Emmanuel', 'LE PEN', 'Marine', 0.28717, 1.56944, 0.32929, 1.3586),
(439, 2017, 39, 0.834208, 0.136403, -0.279054, 2, 'MACRON', 'Emmanuel', 'LE PEN', 'Marine', 0.0771305, 1.28921, 0.429303, 1.3586),
(440, 2017, 40, 0.834208, 0.136403, -0.58923, 2, 'MACRON', 'Emmanuel', 'LE PEN', 'Marine', -0.222925, 2.45819, 0.127814, 1.3586),
(441, 2017, 41, 0.834208, 0.136403, 0.093156, 2, 'MACRON', 'Emmanuel', 'LE PEN', 'Marine', 0.322015, 2.37011, -0.0649651, 1.3586),
(442, 2017, 42, 0.834208, 0.136403, -0.224774, 2, 'MACRON', 'Emmanuel', 'LE PEN', 'Marine', -0.277129, 1.85768, 0.224928, 1.3586),
(443, 2017, 43, 0.834208, 0.136403, 0.147437, 2, 'MACRON', 'Emmanuel', 'LE PEN', 'Marine', -0.112582, 1.4013, 0.500327, 1.3586),
(444, 2017, 44, 0.834208, 0.136403, -0.410879, 2, 'MACRON', 'Emmanuel', 'LE PEN', 'Marine', -0.0883842, 2.37011, 0.0799816, 1.3586),
(445, 2017, 45, 0.834208, 0.136403, -0.364353, 2, 'MACRON', 'Emmanuel', 'LE PEN', 'Marine', 0.863083, 1.6335, 0.133612, 1.3586),
(446, 2017, 46, 0.834208, 0.136403, 0.10091, 2, 'MACRON', 'Emmanuel', 'LE PEN', 'Marine', -0.0845125, 1.43333, 0.319143, 1.3586),
(447, 2017, 47, 0.834208, 0.136403, 0.0156122, 2, 'MACRON', 'Emmanuel', 'LE PEN', 'Marine', 0.500113, 2.73041, -0.0968533, 1.3586),
(448, 2017, 48, 0.834208, 0.136403, 0.162945, 2, 'MACRON', 'Emmanuel', 'LE PEN', 'Marine', -0.340044, 1.65752, 0.145208, 1.3586),
(449, 2017, 49, 0.834208, 0.136403, -0.860633, 2, 'MACRON', 'Emmanuel', 'LE PEN', 'Marine', 0.137142, 2.73842, -0.10555, 1.3586),
(450, 2017, 50, 0.834208, 0.136403, -0.069686, 2, 'MACRON', 'Emmanuel', 'LE PEN', 'Marine', 0.656916, 1.40931, 0.0959257, 1.3586),
(451, 2017, 51, 0.834208, 0.136403, -0.46516, 2, 'MACRON', 'Emmanuel', 'LE PEN', 'Marine', 0.257164, 1.32124, 0.16695, 1.3586),
(452, 2017, 52, 0.834208, 0.136403, 0.0311209, 2, 'MACRON', 'Emmanuel', 'LE PEN', 'Marine', -0.581057, 1.12908, 0.613385, 1.3586),
(453, 2017, 53, 0.834208, 0.136403, -0.0541773, 2, 'MACRON', 'Emmanuel', 'LE PEN', 'Marine', -0.992424, 1.42532, 0.466989, 1.3586),
(454, 2017, 54, 0.834208, 0.136403, -0.798598, 2, 'MACRON', 'Emmanuel', 'LE PEN', 'Marine', 0.629814, 1.33725, 0.0133061, 1.3586),
(455, 2017, 55, 0.834208, 0.136403, 0.162945, 2, 'MACRON', 'Emmanuel', 'LE PEN', 'Marine', -0.369082, 1.25718, 0.65542, 1.3586),
(456, 2017, 56, 0.834208, 0.136403, 0.0776472, 2, 'MACRON', 'Emmanuel', 'LE PEN', 'Marine', -0.854979, 1.47336, 0.316245, 1.3586),
(457, 2017, 57, 0.834208, 0.136403, -0.108458, 2, 'MACRON', 'Emmanuel', 'LE PEN', 'Marine', 0.604648, 1.73758, -0.0548188, 1.3586),
(458, 2017, 58, 0.834208, 0.136403, 0.255998, 2, 'MACRON', 'Emmanuel', 'LE PEN', 'Marine', -0.61203, 0.968942, 0.891683, 1.3586),
(459, 2017, 59, 0.834208, 0.136403, -0.100704, 2, 'MACRON', 'Emmanuel', 'LE PEN', 'Marine', -0.445548, 2.07386, 0.471337, 1.3586),
(460, 2017, 60, 0.834208, 0.136403, 1.07021, 2, 'MACRON', 'Emmanuel', 'LE PEN', 'Marine', -0.661394, 0.608641, 0.878637, 1.3586),
(461, 2017, 61, 0.834208, 0.136403, 0.209472, 2, 'MACRON', 'Emmanuel', 'LE PEN', 'Marine', -0.76593, 1.23316, 0.448146, 1.3586),
(462, 2017, 62, 0.834208, 0.136403, -0.0309141, 2, 'MACRON', 'Emmanuel', 'LE PEN', 'Marine', -0.150331, 1.65752, 0.1655, 1.3586),
(463, 2017, 63, 0.834208, 0.136403, 0.86084, 2, 'MACRON', 'Emmanuel', 'LE PEN', 'Marine', -1.12503, 0.584621, 0.485832, 1.3586),
(464, 2017, 64, 0.834208, 0.136403, -0.178247, 2, 'MACRON', 'Emmanuel', 'LE PEN', 'Marine', 0.353956, 2.01782, 0.303199, 1.3586),
(465, 2017, 65, 0.834208, 0.136403, -0.286809, 2, 'MACRON', 'Emmanuel', 'LE PEN', 'Marine', 0.632718, 2.13792, 0.182894, 1.3586),
(466, 2017, 66, 0.834208, 0.136403, 0.488629, 2, 'MACRON', 'Emmanuel', 'LE PEN', 'Marine', 0.0926173, 2.38613, 0.317694, 1.3586),
(467, 2017, 67, 0.834208, 0.136403, 1.72933, 2, 'MACRON', 'Emmanuel', 'LE PEN', 'Marine', -0.952739, 1.42532, 0.613385, 1.3586),
(468, 2017, 68, 0.834208, 0.136403, -0.193756, 2, 'MACRON', 'Emmanuel', 'LE PEN', 'Marine', -0.0758012, 0.664688, 0.46409, 1.3586),
(469, 2017, 69, 0.834208, 0.136403, 0.0854016, 2, 'MACRON', 'Emmanuel', 'LE PEN', 'Marine', -0.508462, 1.60147, 0.548159, 1.3586),
(470, 2017, 70, 0.834208, 0.136403, -0.108458, 2, 'MACRON', 'Emmanuel', 'LE PEN', 'Marine', 0.536894, 0.784788, 0.635127, 1.3586),
(471, 2017, 71, 0.834208, 0.136403, -0.0541773, 2, 'MACRON', 'Emmanuel', 'LE PEN', 'Marine', -0.822069, 1.20914, 0.016205, 1.3586),
(472, 2017, 72, 0.834208, 0.136403, -0.131721, 2, 'MACRON', 'Emmanuel', 'LE PEN', 'Marine', -0.277129, 1.93775, 0.375673, 1.3586),
(473, 2017, 73, 0.834208, 0.136403, 0.0854016, 2, 'MACRON', 'Emmanuel', 'LE PEN', 'Marine', -0.193888, 2.61832, 0.377122, 1.3586),
(474, 2017, 74, 0.834208, 0.136403, -0.441896, 2, 'MACRON', 'Emmanuel', 'LE PEN', 'Marine', -0.0380523, 1.7616, 0.378572, 1.3586),
(475, 2017, 75, 0.834208, 0.136403, -0.58923, 2, 'MACRON', 'Emmanuel', 'LE PEN', 'Marine', 0.229094, 1.55343, 0.438, 1.3586),
(476, 2017, 76, 0.834208, 0.136403, -0.418633, 2, 'MACRON', 'Emmanuel', 'LE PEN', 'Marine', 2.06137, -0.440234, 0.117668, 1.3586),
(477, 2017, 77, 0.834208, 0.136403, 0.581682, 2, 'MACRON', 'Emmanuel', 'LE PEN', 'Marine', -0.347787, 1.86569, 0.478585, 1.3586),
(478, 2017, 78, 0.834208, 0.136403, -0.379861, 2, 'MACRON', 'Emmanuel', 'LE PEN', 'Marine', -0.191952, 1.31323, 0.751084, 1.3586),
(479, 2017, 79, 0.834208, 0.136403, -0.542703, 2, 'MACRON', 'Emmanuel', 'LE PEN', 'Marine', 0.872763, 0.840835, 0.432202, 1.3586),
(480, 2017, 80, 0.834208, 0.136403, -0.472914, 2, 'MACRON', 'Emmanuel', 'LE PEN', 'Marine', 0.572707, 1.34526, 0.0640374, 1.3586),
(481, 2017, 81, 0.834208, 0.136403, 0.783296, 2, 'MACRON', 'Emmanuel', 'LE PEN', 'Marine', -0.625581, 1.08104, 0.210434, 1.3586),
(482, 2017, 82, 0.834208, 0.136403, 0.403331, 2, 'MACRON', 'Emmanuel', 'LE PEN', 'Marine', -0.078705, 1.73758, 0.100274, 1.3586),
(483, 2017, 83, 0.834208, 0.136403, 0.651471, 2, 'MACRON', 'Emmanuel', 'LE PEN', 'Marine', -0.453291, 1.53742, 0.124915, 1.3586),
(484, 2017, 84, 0.834208, 0.136403, 0.449858, 2, 'MACRON', 'Emmanuel', 'LE PEN', 'Marine', -1.00597, 1.32124, 0.684409, 1.3586),
(485, 2017, 85, 0.834208, 0.136403, 1.00817, 2, 'MACRON', 'Emmanuel', 'LE PEN', 'Marine', -0.7427, 1.34526, 0.390167, 1.3586),
(486, 2017, 86, 0.834208, 0.136403, -0.496177, 2, 'MACRON', 'Emmanuel', 'LE PEN', 'Marine', 0.523343, 1.24918, -0.0939544, 1.3586),
(487, 2017, 87, 0.834208, 0.136403, -0.348844, 2, 'MACRON', 'Emmanuel', 'LE PEN', 'Marine', 0.27749, 1.43333, 0.243771, 1.3586),
(488, 2017, 88, 0.834208, 0.136403, -0.0154054, 2, 'MACRON', 'Emmanuel', 'LE PEN', 'Marine', 0.340405, 1.9938, 0.117668, 1.3586),
(489, 2017, 89, 0.834208, 0.136403, 0.387823, 2, 'MACRON', 'Emmanuel', 'LE PEN', 'Marine', -0.620741, 1.44134, 0.24667, 1.3586),
(490, 2017, 90, 0.834208, 0.136403, 0.000103392, 2, 'MACRON', 'Emmanuel', 'LE PEN', 'Marine', -0.695271, 1.56144, 0.414808, 1.3586),
(491, 2017, 91, 0.834208, 0.136403, 0.271507, 2, 'MACRON', 'Emmanuel', 'LE PEN', 'Marine', -0.561698, 1.68954, 0.526417, 1.3586),
(492, 2017, 92, 0.834208, 0.136403, -0.46516, 2, 'MACRON', 'Emmanuel', 'LE PEN', 'Marine', 0.40332, 1.06502, 0.635127, 1.3586),
(493, 2017, 93, 0.834208, 0.136403, -0.511686, 2, 'MACRON', 'Emmanuel', 'LE PEN', 'Marine', 1.56192, 0.664688, 0.342335, 1.3586),
(494, 2017, 94, 0.834208, 0.136403, 1.00817, 2, 'MACRON', 'Emmanuel', 'LE PEN', 'Marine', 0.387834, 0.0321602, 1.70918, 1.3586),
(495, 2017, 95, 0.834208, 0.136403, -0.108458, 2, 'MACRON', 'Emmanuel', 'LE PEN', 'Marine', 0.909544, 0.456514, 0.827906, 1.3586),
(496, 2017, 96, 0.834208, 0.136403, 0.248244, 2, 'MACRON', 'Emmanuel', 'LE PEN', 'Marine', 0.278458, 0.704722, 1.05257, 1.3586),
(497, 2017, 97, 0.834208, 0.136403, 4.22624, 2, 'MACRON', 'Emmanuel', 'LE PEN', 'Marine', -1.17246, -1.38502, 4.35881, 1.3586),
(498, 2017, 98, 0.834208, 0.136403, 2.84596, 2, 'MACRON', 'Emmanuel', 'LE PEN', 'Marine', -1.00501, -0.728475, 4.20951, 1.3586),
(499, 2017, 99, 0.834208, 0.136403, 4.07891, 2, 'MACRON', 'Emmanuel', 'LE PEN', 'Marine', -1.97874, -0.912628, 5.43866, 1.3586),
(500, 2017, 100, 0.834208, 0.136403, 4.31154, 2, 'MACRON', 'Emmanuel', 'LE PEN', 'Marine', -1.04372, -0.696448, 2.37594, 1.3586),
(501, 2022, 1, 1.42694, -0.954822, -1.02348, 2, 'MACRON', 'Emmanuel', 'LE PEN', 'Marine', -0.574281, -0.384187, 0.623531, 1.17611),
(502, 2022, 2, 1.42694, -0.954822, 0.527401, 2, 'MACRON', 'Emmanuel', 'LE PEN', 'Marine', -1.60125, -0.904622, 0.800366, 1.17611),
(503, 2022, 3, 1.42694, -0.954822, -0.341089, 2, 'MACRON', 'Emmanuel', 'LE PEN', 'Marine', -0.860786, 0.440501, 0.613385, 1.17611),
(504, 2022, 101, 1.42694, -0.954822, -0.14723, 2, 'MACRON', 'Emmanuel', 'LE PEN', 'Marine', -1.10567, 0.856849, 0.610486, 1.17611),
(505, 2022, 102, 1.42694, -0.954822, -0.612493, 2, 'MACRON', 'Emmanuel', 'LE PEN', 'Marine', -0.655587, 1.20114, 0.484383, 1.17611),
(506, 2022, 103, 1.42694, -0.954822, -0.418633, 2, 'MACRON', 'Emmanuel', 'LE PEN', 'Marine', -0.998231, -0.856582, 1.04243, 1.17611),
(507, 2022, 7, 1.42694, -0.954822, -0.209265, 2, 'MACRON', 'Emmanuel', 'LE PEN', 'Marine', -0.848203, 0.952929, 0.51917, 1.17611),
(508, 2022, 8, 1.42694, -0.954822, 0.186209, 2, 'MACRON', 'Emmanuel', 'LE PEN', 'Marine', -1.39121, -0.648408, 0.743837, 1.17611),
(509, 2022, 9, 1.42694, -0.954822, 0.201717, 2, 'MACRON', 'Emmanuel', 'LE PEN', 'Marine', -1.05921, 1.80964, 0.622082, 1.17611),
(510, 2022, 10, 1.42694, -0.954822, 0.240489, 2, 'MACRON', 'Emmanuel', 'LE PEN', 'Marine', -1.01372, -0.608374, 0.616284, 1.17611),
(511, 2022, 11, 1.42694, -0.954822, 0.403331, 2, 'MACRON', 'Emmanuel', 'LE PEN', 'Marine', -1.29926, 0.352428, 0.552508, 1.17611),
(512, 2022, 12, 1.42694, -0.954822, -0.938177, 2, 'MACRON', 'Emmanuel', 'LE PEN', 'Marine', -0.286808, 1.08104, 0.268412, 1.17611),
(513, 2022, 13, 1.42694, -0.954822, 0.00785777, 2, 'MACRON', 'Emmanuel', 'LE PEN', 'Marine', -0.955643, -0.720468, 1.21781, 1.17611),
(514, 2022, 14, 1.42694, -0.954822, -0.728809, 2, 'MACRON', 'Emmanuel', 'LE PEN', 'Marine', -0.124197, -0.272094, 0.291604, 1.17611),
(515, 2022, 15, 1.42694, -0.954822, -1.45772, 2, 'MACRON', 'Emmanuel', 'LE PEN', 'Marine', -0.490072, 0.656681, 0.232176, 1.17611),
(516, 2022, 16, 1.42694, -0.954822, -0.581475, 2, 'MACRON', 'Emmanuel', 'LE PEN', 'Marine', -0.65849, 0.168274, 0.624981, 1.17611),
(517, 2022, 17, 1.42694, -0.954822, -0.558212, 2, 'MACRON', 'Emmanuel', 'LE PEN', 'Marine', -0.502655, 0.0561802, 0.520619, 1.17611),
(518, 2022, 18, 1.42694, -0.954822, -0.387616, 2, 'MACRON', 'Emmanuel', 'LE PEN', 'Marine', -0.902407, 0.456514, 0.890233, 1.17611),
(519, 2022, 19, 1.42694, -0.954822, -0.83737, 2, 'MACRON', 'Emmanuel', 'LE PEN', 'Marine', -0.682688, 1.48938, 0.35683, 1.17611),
(520, 2022, 20, 1.42694, -0.954822, -0.907159, 2, 'MACRON', 'Emmanuel', 'LE PEN', 'Marine', -2.03294, -1.08077, 2.69337, 1.17611),
(521, 2022, 21, 1.42694, -0.954822, -0.705545, 2, 'MACRON', 'Emmanuel', 'LE PEN', 'Marine', -2.00874, -0.664421, 2.65423, 1.17611),
(522, 2022, 22, 1.42694, -0.954822, -0.969194, 2, 'MACRON', 'Emmanuel', 'LE PEN', 'Marine', -0.440708, 0.192294, 0.538013, 1.17611),
(523, 2022, 23, 1.42694, -0.954822, -0.76758, 2, 'MACRON', 'Emmanuel', 'LE PEN', 'Marine', 0.0490608, 0.576615, 0.0785321, 1.17611),
(524, 2022, 24, 1.42694, -0.954822, -0.542703, 2, 'MACRON', 'Emmanuel', 'LE PEN', 'Marine', -1.00307, 1.20114, 0.740938, 1.17611),
(525, 2022, 25, 1.42694, -0.954822, -0.46516, 2, 'MACRON', 'Emmanuel', 'LE PEN', 'Marine', -0.871433, 0.760768, 0.307548, 1.17611),
(526, 2022, 26, 1.42694, -0.954822, -0.697791, 2, 'MACRON', 'Emmanuel', 'LE PEN', 'Marine', -0.525885, -0.0479067, 0.755433, 1.17611),
(527, 2022, 27, 1.42694, -0.954822, -0.286809, 2, 'MACRON', 'Emmanuel', 'LE PEN', 'Marine', -0.615902, 0.416481, 0.662667, 1.17611),
(528, 2022, 28, 1.42694, -0.954822, -0.527195, 2, 'MACRON', 'Emmanuel', 'LE PEN', 'Marine', -0.968226, -0.384187, 0.514821, 1.17611),
(529, 2022, 29, 1.42694, -0.954822, -0.620247, 2, 'MACRON', 'Emmanuel', 'LE PEN', 'Marine', -0.760122, -0.408207, 0.796018, 1.17611),
(530, 2022, 30, 1.42694, -0.954822, -0.806352, 2, 'MACRON', 'Emmanuel', 'LE PEN', 'Marine', 0.278458, 0.832829, 0.307548, 1.17611),
(531, 2022, 31, 1.42694, -0.954822, 0.372314, 2, 'MACRON', 'Emmanuel', 'LE PEN', 'Marine', -1.15697, -0.00787324, 0.833704, 1.17611),
(532, 2022, 32, 1.42694, -0.954822, -0.426388, 2, 'MACRON', 'Emmanuel', 'LE PEN', 'Marine', 0.00647217, 0.448508, 0.481484, 1.17611),
(533, 2022, 33, 1.42694, -0.954822, -0.953686, 2, 'MACRON', 'Emmanuel', 'LE PEN', 'Marine', -0.602351, 1.16911, 0.0509922, 1.17611),
(534, 2022, 34, 1.42694, -0.954822, -0.682282, 2, 'MACRON', 'Emmanuel', 'LE PEN', 'Marine', -0.204535, 0.136247, 0.613385, 1.17611),
(535, 2022, 35, 1.42694, -0.954822, 0.426594, 2, 'MACRON', 'Emmanuel', 'LE PEN', 'Marine', -0.861754, -0.0479067, 0.861244, 1.17611),
(536, 2022, 36, 1.42694, -0.954822, -1.04674, 2, 'MACRON', 'Emmanuel', 'LE PEN', 'Marine', 0.640461, 0.0962136, 0.174197, 1.17611),
(537, 2022, 37, 1.42694, -0.954822, -0.503931, 2, 'MACRON', 'Emmanuel', 'LE PEN', 'Marine', -0.899503, 0.224321, 0.597441, 1.17611),
(538, 2022, 38, 1.42694, -0.954822, -0.697791, 2, 'MACRON', 'Emmanuel', 'LE PEN', 'Marine', -0.116454, 0.00814013, 0.584396, 1.17611),
(539, 2022, 39, 1.42694, -0.954822, -0.868387, 2, 'MACRON', 'Emmanuel', 'LE PEN', 'Marine', -0.324557, -0.0719267, 0.753983, 1.17611),
(540, 2022, 40, 1.42694, -0.954822, -1.13979, 2, 'MACRON', 'Emmanuel', 'LE PEN', 'Marine', -0.759154, 0.696715, 0.487282, 1.17611),
(541, 2022, 41, 1.42694, -0.954822, -0.58923, 2, 'MACRON', 'Emmanuel', 'LE PEN', 'Marine', -0.482329, 1.02499, 0.217681, 1.17611),
(542, 2022, 42, 1.42694, -0.954822, -0.852879, 2, 'MACRON', 'Emmanuel', 'LE PEN', 'Marine', -0.6401, -0.103953, 0.461191, 1.17611),
(543, 2022, 43, 1.42694, -0.954822, -0.496177, 2, 'MACRON', 'Emmanuel', 'LE PEN', 'Marine', -0.58396, -0.0399, 0.859794, 1.17611),
(544, 2022, 44, 1.42694, -0.954822, -0.984703, 2, 'MACRON', 'Emmanuel', 'LE PEN', 'Marine', -0.914022, 0.840835, 0.298851, 1.17611),
(545, 2022, 45, 1.42694, -0.954822, -0.945931, 2, 'MACRON', 'Emmanuel', 'LE PEN', 'Marine', 0.371379, 0.376448, 0.500327, 1.17611),
(546, 2022, 46, 1.42694, -0.954822, -0.511686, 2, 'MACRON', 'Emmanuel', 'LE PEN', 'Marine', -0.430061, -0.376181, 0.667015, 1.17611),
(547, 2022, 47, 1.42694, -0.954822, -0.441896, 2, 'MACRON', 'Emmanuel', 'LE PEN', 'Marine', -0.422317, 1.76961, 0.269862, 1.17611),
(548, 2022, 48, 1.42694, -0.954822, -0.39537, 2, 'MACRON', 'Emmanuel', 'LE PEN', 'Marine', -1.00501, 0.264354, 0.490181, 1.17611),
(549, 2022, 49, 1.42694, -0.954822, -1.26386, 2, 'MACRON', 'Emmanuel', 'LE PEN', 'Marine', -0.682688, 1.44934, 0.174197, 1.17611),
(550, 2022, 50, 1.42694, -0.954822, -0.705545, 2, 'MACRON', 'Emmanuel', 'LE PEN', 'Marine', 0.258132, -0.127973, 0.406111, 1.17611),
(551, 2022, 51, 1.42694, -0.954822, -1.13979, 2, 'MACRON', 'Emmanuel', 'LE PEN', 'Marine', -0.232605, -0.0399, 0.430752, 1.17611),
(552, 2022, 52, 1.42694, -0.954822, -0.511686, 2, 'MACRON', 'Emmanuel', 'LE PEN', 'Marine', -0.796903, -0.864588, 0.782973, 1.17611),
(553, 2022, 53, 1.42694, -0.954822, -0.759826, 2, 'MACRON', 'Emmanuel', 'LE PEN', 'Marine', -1.39508, -0.592361, 0.652521, 1.17611),
(554, 2022, 54, 1.42694, -0.954822, -1.16305, 2, 'MACRON', 'Emmanuel', 'LE PEN', 'Marine', 0.148757, -0.288107, 0.290154, 1.17611),
(555, 2022, 55, 1.42694, -0.954822, -0.550458, 2, 'MACRON', 'Emmanuel', 'LE PEN', 'Marine', -0.730117, -0.376181, 0.92502, 1.17611),
(556, 2022, 56, 1.42694, -0.954822, -0.472914, 2, 'MACRON', 'Emmanuel', 'LE PEN', 'Marine', -1.24408, -0.664421, 0.49163, 1.17611),
(557, 2022, 57, 1.42694, -0.954822, -0.907159, 2, 'MACRON', 'Emmanuel', 'LE PEN', 'Marine', 0.0306702, 0.392461, 0.213332, 1.17611),
(558, 2022, 58, 1.42694, -0.954822, -0.496177, 2, 'MACRON', 'Emmanuel', 'LE PEN', 'Marine', -1.01662, -0.776515, 1.13519, 1.17611),
(559, 2022, 59, 1.42694, -0.954822, -0.64351, 2, 'MACRON', 'Emmanuel', 'LE PEN', 'Marine', -1.08147, 0.224321, 0.861244, 1.17611),
(560, 2022, 60, 1.42694, -0.954822, 0.162945, 2, 'MACRON', 'Emmanuel', 'LE PEN', 'Marine', -0.875305, -1.03273, 1.16273, 1.17611),
(561, 2022, 61, 1.42694, -0.954822, -0.426388, 2, 'MACRON', 'Emmanuel', 'LE PEN', 'Marine', -1.11825, -0.608374, 0.727893, 1.17611),
(562, 2022, 62, 1.42694, -0.954822, -0.659019, 2, 'MACRON', 'Emmanuel', 'LE PEN', 'Marine', -0.521046, -0.288107, 0.438, 1.17611),
(563, 2022, 63, 1.42694, -0.954822, -0.139475, 2, 'MACRON', 'Emmanuel', 'LE PEN', 'Marine', -1.39024, -1.21688, 0.62788, 1.17611),
(564, 2022, 64, 1.42694, -0.954822, -0.759826, 2, 'MACRON', 'Emmanuel', 'LE PEN', 'Marine', -0.357467, 0.752762, 0.606138, 1.17611),
(565, 2022, 65, 1.42694, -0.954822, -0.930422, 2, 'MACRON', 'Emmanuel', 'LE PEN', 'Marine', -0.163882, 1.28921, 0.480034, 1.17611),
(566, 2022, 66, 1.42694, -0.954822, -0.255791, 2, 'MACRON', 'Emmanuel', 'LE PEN', 'Marine', -0.703983, 1.36127, 0.54671, 1.17611),
(567, 2022, 67, 1.42694, -0.954822, 0.899612, 2, 'MACRON', 'Emmanuel', 'LE PEN', 'Marine', -1.42412, -0.248074, 0.784422, 1.17611),
(568, 2022, 68, 1.42694, -0.954822, -0.790844, 2, 'MACRON', 'Emmanuel', 'LE PEN', 'Marine', -0.28584, -1.01672, 0.675712, 1.17611),
(569, 2022, 69, 1.42694, -0.954822, -0.573721, 2, 'MACRON', 'Emmanuel', 'LE PEN', 'Marine', -0.763994, -0.664421, 0.849648, 1.17611),
(570, 2022, 70, 1.42694, -0.954822, -0.736563, 2, 'MACRON', 'Emmanuel', 'LE PEN', 'Marine', 0.255228, -0.648408, 0.865592, 1.17611),
(571, 2022, 71, 1.42694, -0.954822, -0.736563, 2, 'MACRON', 'Emmanuel', 'LE PEN', 'Marine', -1.36217, -0.272094, 0.304649, 1.17611),
(572, 2022, 72, 1.42694, -0.954822, -0.736563, 2, 'MACRON', 'Emmanuel', 'LE PEN', 'Marine', -0.771737, 0.232327, 0.680061, 1.17611),
(573, 2022, 73, 1.42694, -0.954822, -0.496177, 2, 'MACRON', 'Emmanuel', 'LE PEN', 'Marine', -0.608158, 0.344421, 0.651071, 1.17611),
(574, 2022, 74, 1.42694, -0.954822, -1.07, 2, 'MACRON', 'Emmanuel', 'LE PEN', 'Marine', -0.462002, 0.288374, 0.613385, 1.17611),
(575, 2022, 75, 1.42694, -0.954822, -1.03123, 2, 'MACRON', 'Emmanuel', 'LE PEN', 'Marine', -0.204535, -0.296114, 0.769928, 1.17611),
(576, 2022, 76, 1.42694, -0.954822, -0.922668, 2, 'MACRON', 'Emmanuel', 'LE PEN', 'Marine', 1.46126, -1.1128, 0.753983, 1.17611),
(577, 2022, 77, 1.42694, -0.954822, -0.286809, 2, 'MACRON', 'Emmanuel', 'LE PEN', 'Marine', -0.599447, 0.0641869, 0.669914, 1.17611),
(578, 2022, 78, 1.42694, -0.954822, -0.628002, 2, 'MACRON', 'Emmanuel', 'LE PEN', 'Marine', -0.718502, -0.200034, 1.29318, 1.17611),
(579, 2022, 79, 1.42694, -0.954822, -0.721054, 2, 'MACRON', 'Emmanuel', 'LE PEN', 'Marine', 0.425583, -0.592361, 0.842401, 1.17611),
(580, 2022, 80, 1.42694, -0.954822, -1.06225, 2, 'MACRON', 'Emmanuel', 'LE PEN', 'Marine', -0.0816088, 0.0241535, 0.420606, 1.17611),
(581, 2022, 81, 1.42694, -0.954822, -0.0309141, 2, 'MACRON', 'Emmanuel', 'LE PEN', 'Marine', -0.930477, -0.688441, 0.481484, 1.17611),
(582, 2022, 82, 1.42694, -0.954822, -0.286809, 2, 'MACRON', 'Emmanuel', 'LE PEN', 'Marine', -0.788192, 0.608641, 0.475686, 1.17611),
(583, 2022, 83, 1.42694, -0.954822, -0.0541773, 2, 'MACRON', 'Emmanuel', 'LE PEN', 'Marine', -1.04856, 0.320401, 0.364077, 1.17611),
(584, 2022, 84, 1.42694, -0.954822, -0.441896, 2, 'MACRON', 'Emmanuel', 'LE PEN', 'Marine', -1.27506, -0.752495, 0.781523, 1.17611),
(585, 2022, 85, 1.42694, -0.954822, 0.232735, 2, 'MACRON', 'Emmanuel', 'LE PEN', 'Marine', -1.09309, -0.416214, 0.759781, 1.17611),
(586, 2022, 86, 1.42694, -0.954822, -1.10102, 2, 'MACRON', 'Emmanuel', 'LE PEN', 'Marine', 0.0393815, -0.368174, 0.174197, 1.17611),
(587, 2022, 87, 1.42694, -0.954822, -0.883896, 2, 'MACRON', 'Emmanuel', 'LE PEN', 'Marine', -0.297455, 0.088207, 0.606138, 1.17611),
(588, 2022, 88, 1.42694, -0.954822, -0.697791, 2, 'MACRON', 'Emmanuel', 'LE PEN', 'Marine', -0.46297, 0.816815, 0.540912, 1.17611),
(589, 2022, 89, 1.42694, -0.954822, -0.403125, 2, 'MACRON', 'Emmanuel', 'LE PEN', 'Marine', -1.06599, -0.376181, 0.535114, 1.17611),
(590, 2022, 90, 1.42694, -0.954822, -0.628002, 2, 'MACRON', 'Emmanuel', 'LE PEN', 'Marine', -1.0805, -0.20804, 0.759781, 1.17611),
(591, 2022, 91, 1.42694, -0.954822, -0.178247, 2, 'MACRON', 'Emmanuel', 'LE PEN', 'Marine', -0.950803, -0.0879401, 0.867042, 1.17611),
(592, 2022, 92, 1.42694, -0.954822, -0.728809, 2, 'MACRON', 'Emmanuel', 'LE PEN', 'Marine', -0.157107, -0.296114, 1.241, 1.17611),
(593, 2022, 93, 1.42694, -0.954822, -0.876142, 2, 'MACRON', 'Emmanuel', 'LE PEN', 'Marine', 1.09926, -0.2801, 0.739489, 1.17611),
(594, 2022, 94, 1.42694, -0.954822, 0.473121, 2, 'MACRON', 'Emmanuel', 'LE PEN', 'Marine', -0.281001, -0.472261, 2.62235, 1.17611),
(595, 2022, 95, 1.42694, -0.954822, -0.480668, 2, 'MACRON', 'Emmanuel', 'LE PEN', 'Marine', 0.316207, -0.376181, 1.46567, 1.17611),
(596, 2022, 96, 1.42694, -0.954822, -0.217019, 2, 'MACRON', 'Emmanuel', 'LE PEN', 'Marine', -0.299391, -0.456248, 1.71933, 1.17611),
(597, 2022, 97, 1.42694, -0.954822, 3.05533, 2, 'MACRON', 'Emmanuel', 'LE PEN', 'Marine', -3.02216, -1.84941, 4.65595, 1.17611),
(598, 2022, 98, 1.42694, -0.954822, 1.14775, 2, 'MACRON', 'Emmanuel', 'LE PEN', 'Marine', -2.76372, -1.05675, 4.9067, 1.17611),
(599, 2022, 99, 1.42694, -0.954822, 1.38814, 2, 'MACRON', 'Emmanuel', 'LE PEN', 'Marine', -2.95537, -1.63323, 5.8561, 1.17611),
(600, 2022, 100, 1.42694, -0.954822, 2.85372, 2, 'MACRON', 'Emmanuel', 'LE PEN', 'Marine', -2.14522, -1.56918, 2.88615, 1.17611);

-- --------------------------------------------------------

--
-- Table structure for table `type_de_position`
--

DROP TABLE IF EXISTS `type_de_position`;
CREATE TABLE IF NOT EXISTS `type_de_position` (
  `id` int NOT NULL AUTO_INCREMENT,
  `libelle` varchar(10) NOT NULL,
  PRIMARY KEY (`id`),
  UNIQUE KEY `libelle` (`libelle`)
) ENGINE=MyISAM AUTO_INCREMENT=4 DEFAULT CHARSET=utf8mb4 COLLATE=utf8mb4_0900_ai_ci;

--
-- Dumping data for table `type_de_position`
--

INSERT INTO `type_de_position` (`id`, `libelle`) VALUES
(1, 'gauche'),
(2, 'milieu'),
(3, 'droite');
COMMIT;

/*!40101 SET CHARACTER_SET_CLIENT=@OLD_CHARACTER_SET_CLIENT */;
/*!40101 SET CHARACTER_SET_RESULTS=@OLD_CHARACTER_SET_RESULTS */;
/*!40101 SET COLLATION_CONNECTION=@OLD_COLLATION_CONNECTION */;
